date,week_time,time_block,weather,site,hours_spent_on_site,start_time,total_humans_adjusted,male_adults_adjusted,female_adults_adjusted,children_adjusted,walkers_adjusted,runners_adjusted,wheels_adjusted,dogs_adjusted,confirmed,site_category,macro_site_category,mins2_seawall,mins2city,lat,lon,mid_time,seconds_from_peak,time_from_peak_scaled
07-12-2024,WD,10:00:00,sunny,BL,1,10:00:00,68,36,29,3,31,8,29,0,Y,lakeside,water,6,19,49.3052,-123.1388,37800,12600,-0.15334438075000956
07-12-2024,WD,14:00:00,sunny,LL,1,14:00:00,113,51,55,7,107,3,3,9,Y,lakeside,water,6,7,49.2972,-123.1399,52200,1800,-1.46610869474666
07-12-2024,WD,08:00:00,sunny,PP,1,08:00:00,170,98,71,0,22,55,93,2,Y,seawall,water,0,24,49.3111,-123.1381,30600,19800,0.7218318285810906
07-12-2024,WD,12:00:00,sunny,TL,1,12:00:00,47,29,18,0,28,5,12,0,Y,forest,no water,13,25,49.2996,-123.1449,45000,5400,-1.0285205900811099
07-14-2024,WE,08:00:00,sunny,BL,0.5,08:00:00,50,26,24,0,30,14,6,0,Y,lakeside,water,6,19,49.3052,-123.1388,29700,20700,0.8312288547474782
07-14-2024,WE,10:00:00,sunny,BO,0.5,10:30:00,52,28,24,0,52,0,0,4,Y,developed,no water,2,16,49.3,-123.1244,38700,11700,-0.2627414069163971
07-14-2024,WE,14:00:00,sunny,HR,0.25,14:00:00,1164,544,572,48,500,28,636,4,Y,seawall,water,0,1,49.2968,-123.1348,50850,450,-1.6302042339962413
07-14-2024,WE,12:00:00,sunny,LL,1,12:00:00,105,56,45,4,98,5,2,6,Y,lakeside,water,6,7,49.2972,-123.1399,45000,5400,-1.0285205900811099
07-16-2024,WD,12:00:00,sunny,AQ,1,12:00:00,164,65,79,19,142,5,17,0,Y,developed,no water,4,10,49.3001,-123.1321,45000,5400,-1.0285205900811099
07-16-2024,WD,14:00:00,sunny,BO,0.5,14:00:00,70,30,32,8,58,0,12,4,Y,developed,no water,2,16,49.3,-123.1244,51300,900,-1.5755057209130474
07-16-2024,WD,10:00:00,sunny,HR,0.5,10:00:00,762,356,366,40,322,50,390,10,Y,seawall,water,0,1,49.2968,-123.1348,36900,13500,-0.04394735458362204
07-19-2024,WD,10:00:00,sunny,AQ,1,10:00:00,122,53,60,9,110,3,9,5,Y,developed,no water,4,10,49.3001,-123.1321,37800,12600,-0.15334438075000956
07-19-2024,WD,12:00:00,sunny,LL,1,12:00:00,81,36,41,4,65,12,4,6,Y,lakeside,water,6,7,49.2972,-123.1399,45000,5400,-1.0285205900811099
07-19-2024,WD,08:00:00,sunny,PP,1,08:00:00,182,104,76,1,30,65,87,1,Y,seawall,water,0,24,49.3111,-123.1381,30600,19800,0.7218318285810906
07-19-2024,WD,14:00:00,sunny,TL,1,14:00:00,21,14,7,0,13,2,6,0,Y,forest,no water,13,25,49.2996,-123.1449,52200,1800,-1.46610869474666
07-20-2024,WE,10:00:00,sunny,AQ,1,10:00:00,174,78,74,22,147,12,15,15,Y,developed,no water,4,10,49.3001,-123.1321,37800,12600,-0.15334438075000956
07-20-2024,WE,14:00:00,sunny,BL,1,14:00:00,82,39,38,5,52,0,30,1,Y,lakeside,water,6,19,49.3052,-123.1388,52200,1800,-1.46610869474666
07-20-2024,WE,10:00:00,sunny,BO,1,10:00:00,68,41,17,10,67,0,1,4,Y,developed,no water,2,16,49.3,-123.1244,37800,12600,-0.15334438075000956
07-20-2024,WE,08:00:00,sunny,LL,1,08:00:00,88,44,44,0,51,37,0,12,Y,lakeside,water,6,7,49.2972,-123.1399,30600,19800,0.7218318285810906
07-20-2024,WE,12:00:00,sunny,PP,0.75,12:15:00,905.3333333333334,438.6666666666667,408,58.666666666666664,158.66666666666666,30.666666666666668,716,1.3333333333333333,Y,seawall,water,0,24,49.3111,-123.1381,45450,4950,-1.0832191031643035
07-20-2024,WE,08:00:00,sunny,TL,1,08:00:00,14,11,3,0,8,5,1,1,Y,forest,no water,13,25,49.2996,-123.1449,30600,19800,0.7218318285810906
07-23-2024,WD,14:00:00,sunny,BL,1,14:00:00,108,38,48,22,71,2,35,7,Y,lakeside,water,6,19,49.3052,-123.1388,52200,1800,-1.46610869474666
07-23-2024,WD,12:00:00,sunny,BO,1,12:00:00,44,18,15,11,33,9,2,0,Y,developed,no water,2,16,49.3,-123.1244,45000,5400,-1.0285205900811099
07-23-2024,WD,08:00:00,sunny,HR,1,08:00:00,246,129,111,6,86,73,87,2,Y,seawall,water,0,1,49.2968,-123.1348,30600,19800,0.7218318285810906
07-23-2024,WD,10:00:00,sunny,LL,1,10:00:00,47,20,26,1,42,5,0,4,Y,lakeside,water,6,7,49.2972,-123.1399,37800,12600,-0.15334438075000956
07-25-2024,WD,08:00:00,cloudy,BL,0.5,07:30:00,8,4,4,0,2,2,4,0,Y,lakeside,water,6,19,49.3052,-123.1388,27900,22500,1.0500229070802531
07-25-2024,WD,08:00:00,rain,TL,0.25,08:40:00,12,8,4,0,12,0,0,4,Y,forest,no water,13,25,49.2996,-123.1449,31650,18750,0.5942019647203052
07-25-2024,WD,10:00:00,cloudy,LL,0.5,09:00:00,22,8,10,4,20,2,0,4,Y,lakeside,water,6,7,49.2972,-123.1399,33300,17100,0.39364075008192806
07-25-2024,WD,10:00:00,sunny,HR,0.25,10:00:00,620,304,268,48,176,16,428,8,Y,seawall,water,0,1,49.2968,-123.1348,36450,13950,0.010751158499571723
07-25-2024,WD,12:00:00,sunny,BL,0.5,11:30:00,108,50,56,2,74,0,34,0,Y,lakeside,water,6,19,49.3052,-123.1388,42300,8100,-0.7003295115819472
07-25-2024,WD,12:00:00,sunny,TH,0.5,12:20:00,20,12,6,2,8,0,12,0,Y,forest,no water,18,28,49.3072,-123.1494,45300,5100,-1.0649862654699056
07-25-2024,WD,14:00:00,sunny,TL,0.5,13:10:00,70,42,24,4,38,0,32,6,Y,forest,no water,13,25,49.2996,-123.1449,48300,2100,-1.429643019357864
07-25-2024,WD,14:00:00,sunny,LL,0.5,13:50:00,116,36,48,32,112,4,0,2,Y,lakeside,water,6,7,49.2972,-123.1399,50700,300,-1.6484370716906391
07-25-2024,WD,14:00:00,sunny,HR,0.25,13:50:00,832,424,344,64,340,20,472,8,Y,seawall,water,0,1,49.2968,-123.1348,50250,150,-1.666669909385037
07-26-2024,WD,08:00:00,sunny,HR,0.25,07:25:00,216,124,88,4,52,128,36,0,Y,seawall,water,0,1,49.2968,-123.1348,27150,23250,1.1411870955522427
07-26-2024,WD,08:00:00,sunny,BO,0.5,07:55:00,4,4,0,0,4,0,0,2,Y,developed,no water,2,16,49.3,-123.1244,29400,21000,0.867694530136274
07-26-2024,WD,08:00:00,sunny,AQ,0.5,08:40:00,44,30,14,0,32,6,6,4,Y,developed,no water,4,10,49.3001,-123.1321,32100,18300,0.5395034516371114
07-26-2024,WD,10:00:00,cloudy,PP,0.25,09:50:00,236,108,112,16,36,36,164,0,Y,seawall,water,0,24,49.3111,-123.1381,35850,14550,0.0836825092771634
07-26-2024,WD,10:00:00,sunny,BL,0.5,10:25:00,40,28,12,0,32,2,6,2,Y,lakeside,water,6,19,49.3052,-123.1388,38400,12000,-0.22627573152760125
07-26-2024,WD,12:00:00,sunny,PP,0.25,12:00:00,932,452,388,92,120,36,776,0,Y,seawall,water,0,24,49.3111,-123.1381,43650,6750,-0.8644250508315284
07-26-2024,WD,12:00:00,sunny,AQ,0.25,12:40:00,168,72,68,28,136,0,32,0,Y,developed,no water,4,10,49.3001,-123.1321,46050,4350,-1.1561504539418952
07-26-2024,WD,14:00:00,sunny,LL,0.25,13:30:00,128,56,72,0,104,16,8,4,Y,lakeside,water,6,7,49.2972,-123.1399,49050,1350,-1.5208072078298536
07-28-2024,WE,08:00:00,sunny,HR,0.25,07:45:00,208,140,68,0,64,96,48,0,Y,seawall,water,0,1,49.2968,-123.1348,28350,22050,0.9953243939970594
07-28-2024,WE,08:00:00,sunny,TH,0.5,08:40:00,2,2,0,0,0,0,2,0,Y,forest,no water,18,28,49.3072,-123.1494,32100,18300,0.5395034516371114
07-28-2024,WE,10:00:00,sunny,BL,0.5,09:30:00,36,22,10,4,10,10,16,2,Y,lakeside,water,6,19,49.3052,-123.1388,35100,15300,0.174846697749153
07-28-2024,WE,10:00:00,sunny,PP,0.25,10:32:00,728,336,328,64,176,68,484,16,Y,seawall,water,0,24,49.3111,-123.1381,38370,12030,-0.22262916398872165
07-28-2024,WE,12:00:00,cloudy,AQ,0.5,11:10:00,218,84,96,38,188,4,26,20,Y,developed,no water,4,10,49.3001,-123.1321,41100,9300,-0.5544668100267638
07-28-2024,WE,14:00:00,sunny,LL,0.25,13:35:00,100,44,44,12,88,4,8,0,Y,lakeside,water,6,7,49.2972,-123.1399,49350,1050,-1.5572728832186495
07-28-2024,WE,14:00:00,sunny,TL,0.25,14:00:00,60,24,36,0,48,12,0,4,Y,forest,no water,13,25,49.2996,-123.1449,50850,450,-1.6302042339962413
07-28-2024,WE,12:00:00,sunny,HR,0.17,12:10:00,1641.1764705882351,799.9999999999999,688.235294117647,152.94117647058823,623.5294117647059,47.05882352941176,970.5882352941176,17.64705882352941,Y,seawall,water,0,1,49.2968,-123.1348,44106,6294,-0.9198528774224981
07-28-2024,WE,08:00:00,sunny,LL,0.5,07:50:00,52,34,16,2,38,14,0,0,Y,lakeside,water,6,7,49.2972,-123.1399,29100,21300,0.9041602055250698
07-28-2024,WE,08:00:00,sunny,TL,0.5,08:30:00,16,14,2,0,14,2,0,6,Y,forest,no water,13,25,49.2996,-123.1449,31500,18900,0.6124348024147032
07-28-2024,WE,12:00:00,cloudy,BO,0.5,11:16:00,64,38,18,8,64,0,0,0,Y,developed,no water,2,16,49.3,-123.1244,41460,8940,-0.5982256204933188
07-28-2024,WE,12:00:00,sunny,LL,0.5,12:15:00,162,72,72,18,146,16,0,16,Y,lakeside,water,6,7,49.2972,-123.1399,45000,5400,-1.0285205900811099
07-29-2024,WD,08:00:00,rain,LL,0.5,07:00:00,12,6,6,0,8,4,0,6,N,lakeside,water,6,7,49.2972,-123.1399,26100,24300,1.2688169594130283
07-29-2024,WD,08:00:00,rain,HR,0.17,07:35:00,152.94117647058823,105.88235294117646,41.17647058823529,5.88235294117647,70.58823529411764,23.52941176470588,58.8235294117647,0,N,seawall,water,0,1,49.2968,-123.1348,27606,22794,1.0857592689612732
07-29-2024,WD,08:00:00,rain,AQ,0.33,08:30:00,15.15151515151515,12.121212121212121,3.0303030303030303,0,9.09090909090909,6.0606060606060606,0,3.0303030303030303,N,developed,no water,4,10,49.3001,-123.1321,31194,19206,0.6496297913112749
07-29-2024,WD,10:00:00,rain,TL,0.25,09:00:00,8,8,0,0,4,4,0,0,N,forest,no water,13,25,49.2996,-123.1449,32850,17550,0.44833926316512185
07-29-2024,WD,10:00:00,rain,BL,0.25,09:55:00,20,8,8,4,12,0,8,0,N,lakeside,water,6,19,49.3052,-123.1388,36150,14250,0.04721683388836757
07-29-2024,WD,10:00:00,rain,PP,0.17,10:20:00,211.76470588235293,117.6470588235294,82.35294117647058,11.76470588235294,76.47058823529412,29.41176470588235,105.88235294117646,0,N,seawall,water,0,24,49.3111,-123.1381,37506,12894,-0.11760801886898964
07-29-2024,WD,10:00:00,rain,AQ,0.25,10:40:00,76,28,24,24,72,4,0,0,N,developed,no water,4,10,49.3001,-123.1321,38850,11550,-0.280974244610795
07-29-2024,WD,12:00:00,rain,BO,0.25,11:10:00,20,8,12,0,20,0,0,4,N,developed,no water,2,16,49.3,-123.1244,40650,9750,-0.49976829694357006
07-29-2024,WD,12:00:00,rain,HR,0.17,11:35:00,488.235294117647,264.70588235294116,152.94117647058823,70.58823529411764,229.41176470588235,5.88235294117647,252.9411764705882,0,N,seawall,water,0,1,49.2968,-123.1348,42006,8394,-0.6645931497009273
07-29-2024,WD,12:00:00,rain,AQ,0.25,11:55:00,108,36,56,16,96,0,12,12,N,developed,no water,4,10,49.3001,-123.1321,43350,7050,-0.8279593754427327
07-29-2024,WD,12:00:00,rain,LL,0.25,12:25:00,64,28,36,0,52,12,0,4,N,lakeside,water,6,7,49.2972,-123.1399,45150,5250,-1.0467534277755077
07-29-2024,WD,14:00:00,rain,TL,0.25,13:00:00,20,16,4,0,12,0,8,0,N,forest,no water,13,25,49.2996,-123.1449,47250,3150,-1.3020131554970786
07-29-2024,WD,14:00:00,rain,TH,0.25,13:25:00,4,4,0,0,4,0,0,0,N,forest,no water,18,28,49.3072,-123.1494,48750,1650,-1.4843415324410578
07-29-2024,WD,14:00:00,rain,BL,0.25,13:50:00,52,32,20,0,28,0,24,0,N,lakeside,water,6,19,49.3052,-123.1388,50250,150,-1.666669909385037
07-29-2024,WD,14:00:00,rain,BO,0.25,14:15:00,32,24,8,0,32,0,0,0,N,developed,no water,2,16,49.3,-123.1244,51750,1350,-1.5208072078298536
07-29-2024,WD,14:00:00,rain,HR,0.17,14:40:00,652.9411764705882,335.2941176470588,252.9411764705882,64.70588235294117,305.88235294117646,0,347.05882352941177,0,N,seawall,water,0,1,49.2968,-123.1348,53106,2706,-1.3559823550724965
07-30-2024,WD,08:00:00,rain,LL,0.5,07:30:00,20,8,12,0,10,10,0,6,Y,lakeside,water,6,7,49.2972,-123.1399,27900,22500,1.0500229070802531
07-30-2024,WD,08:00:00,rain,TL,0.5,08:15:00,10,6,4,0,8,2,0,2,Y,forest,no water,13,25,49.2996,-123.1449,30600,19800,0.7218318285810906
07-30-2024,WD,10:00:00,rain,AQ,0.5,10:30:00,56,24,28,4,48,6,2,2,Y,developed,no water,4,10,49.3001,-123.1321,38700,11700,-0.2627414069163971
07-30-2024,WD,10:00:00,rain,BL,0.5,09:05:00,12,8,4,0,12,0,0,2,Y,lakeside,water,6,19,49.3052,-123.1388,33600,16800,0.3571750746931322
07-30-2024,WD,10:00:00,rain,PP,0.25,09:52:00,104,68,36,0,36,16,52,0,Y,seawall,water,0,24,49.3111,-123.1381,35970,14430,0.06909623912164507
07-30-2024,WD,10:00:00,rain,BO,0.25,10:35:00,44,28,12,4,44,0,0,0,Y,developed,no water,2,16,49.3,-123.1244,38550,11850,-0.24450856922199918
07-30-2024,WD,12:00:00,rain,HR,0.25,11:15:00,260,148,108,4,148,0,112,0,N,seawall,water,0,1,49.2968,-123.1348,40950,9450,-0.5362339723323659
07-30-2024,WD,12:00:00,rain,TL,0.5,11:40:00,10,6,4,0,8,0,2,2,N,forest,no water,13,25,49.2996,-123.1449,42900,7500,-0.7732608623595388
07-30-2024,WD,14:00:00,rain,BL,0.5,13:00:00,36,26,10,0,26,0,10,0,N,lakeside,water,6,19,49.3052,-123.1388,47700,2700,-1.3567116685802723
07-30-2024,WD,14:00:00,rain,PP,0.25,13:40:00,324,192,124,8,204,12,108,0,N,seawall,water,0,24,49.3111,-123.1381,49650,750,-1.5937385586074453
07-30-2024,WD,14:00:00,rain,BO,0.5,14:10:00,16,12,4,0,16,0,0,2,N,developed,no water,2,16,49.3,-123.1244,51900,1500,-1.5025743701354557
07-30-2024,WD,14:00:00,rain,HR,0.17,14:50:00,476.4705882352941,294.11764705882354,176.47058823529412,5.88235294117647,317.6470588235294,11.76470588235294,147.05882352941177,0,N,seawall,water,0,1,49.2968,-123.1348,53706,3306,-1.2830510042949048
07-31-2024,WD,08:00:00,rain,BL,0.5,07:30:00,4,4,0,0,0,4,0,0,Y,lakeside,water,6,19,49.3052,-123.1388,27900,22500,1.0500229070802531
07-31-2024,WD,08:00:00,rain,PP,0.25,08:15:00,52,36,16,0,8,20,24,4,Y,seawall,water,0,24,49.3111,-123.1381,30150,20250,0.7765303416642844
07-31-2024,WD,10:00:00,cloudy,AQ,0.5,09:05:00,30,16,14,0,28,0,2,6,Y,developed,no water,4,10,49.3001,-123.1321,33600,16800,0.3571750746931322
07-31-2024,WD,10:00:00,cloudy,BO,0.5,09:50:00,4,2,2,0,2,0,2,2,Y,developed,no water,2,16,49.3,-123.1244,36300,14100,0.028983996193969644
07-31-2024,WD,10:00:00,cloudy,LL,0.25,10:50:00,80,44,32,4,56,24,0,0,Y,lakeside,water,6,7,49.2972,-123.1399,39450,10950,-0.3539055953883867
07-31-2024,WD,10:00:00,cloudy,HR,0.17,10:30:00,841.1764705882352,376.4705882352941,435.2941176470588,29.41176470588235,335.2941176470588,41.17647058823529,464.70588235294116,0,Y,seawall,water,0,1,49.2968,-123.1348,38106,12294,-0.19053936964658133
07-31-2024,WD,12:00:00,cloudy,TL,0.25,11:15:00,32,16,16,0,24,8,0,0,Y,forest,no water,13,25,49.2996,-123.1449,40950,9450,-0.5362339723323659
07-31-2024,WD,12:00:00,cloudy,BL,0.25,11:47:00,64,28,28,8,24,0,40,0,Y,lakeside,water,6,19,49.3052,-123.1388,42870,7530,-0.7696142948206592
07-31-2024,WD,12:00:00,cloudy,TH,0.5,12:08:00,6,6,0,0,0,0,6,0,Y,forest,no water,18,28,49.3072,-123.1494,44580,5820,-0.9774686445367956
07-31-2024,WD,14:00:00,cloudy,PP,0.17,13:00:00,652.9411764705882,323.52941176470586,288.235294117647,41.17647058823529,117.6470588235294,17.64705882352941,517.6470588235294,0,Y,seawall,water,0,24,49.3111,-123.1381,47106,3294,-1.2845096313104565
07-31-2024,WD,14:00:00,cloudy,AQ,0.25,13:15:00,220,92,80,48,184,0,36,8,Y,developed,no water,4,10,49.3001,-123.1321,48150,2250,-1.411410181663466
07-31-2024,WD,14:00:00,cloudy,TH,0.5,13:50:00,4,4,0,0,4,0,0,0,Y,forest,no water,18,28,49.3072,-123.1494,50700,300,-1.6484370716906391
08-07-2024,WD,08:00:00,sunny,AQ,0.5,07:45:00,60,40,18,2,42,2,16,4,N,developed,no water,4,10,49.3001,-123.1321,28800,21600,0.9406258809138657
08-07-2024,WD,08:00:00,sunny,BO,0.5,08:30:00,8,4,4,0,6,2,0,6,N,developed,no water,2,16,49.3,-123.1244,31500,18900,0.6124348024147032
08-07-2024,WD,10:00:00,sunny,TH,0.5,09:20:00,2,2,0,0,2,0,0,0,N,forest,no water,18,28,49.3072,-123.1494,34500,15900,0.2477780485267447
08-07-2024,WD,10:00:00,sunny,TL,0.25,10:00:00,24,20,4,0,12,4,8,0,N,forest,no water,13,25,49.2996,-123.1449,36450,13950,0.010751158499571723
08-07-2024,WD,10:00:00,sunny,AQ,0.25,10:35:00,100,32,44,24,80,8,12,0,N,developed,no water,4,10,49.3001,-123.1321,38550,11850,-0.24450856922199918
08-07-2024,WD,12:00:00,sunny,LL,0.25,11:05:00,88,28,40,20,68,16,4,20,N,lakeside,water,6,7,49.2972,-123.1399,40350,10050,-0.4633026215547742
08-07-2024,WD,12:00:00,sunny,HR,0.17,11:30:00,723.5294117647059,364.70588235294116,305.88235294117646,52.94117647058823,252.9411764705882,29.41176470588235,441.17647058823525,5.88235294117647,N,seawall,water,0,1,49.2968,-123.1348,41706,8694,-0.6281274743121315
08-07-2024,WD,12:00:00,sunny,BO,0.25,11:55:00,40,36,4,0,40,0,0,0,N,developed,no water,2,16,49.3,-123.1244,43350,7050,-0.8279593754427327
08-07-2024,WD,12:00:00,sunny,PP,0.17,12:30:00,588.2352941176471,264.70588235294116,300,23.52941176470588,141.17647058823528,17.64705882352941,429.4117647058823,0,N,seawall,water,0,24,49.3111,-123.1381,45306,5094,-1.0657155789776815
08-07-2024,WD,14:00:00,sunny,AQ,0.25,13:00:00,208,68,116,24,188,4,16,0,N,developed,no water,4,10,49.3001,-123.1321,47250,3150,-1.3020131554970786
08-07-2024,WD,14:00:00,sunny,PP,0.17,13:35:00,811.7647058823529,370.5882352941176,370.5882352941176,70.58823529411764,229.41176470588235,11.76470588235294,570.5882352941176,5.88235294117647,N,seawall,water,0,24,49.3111,-123.1381,49206,1194,-1.5397693590320274
08-07-2024,WD,14:00:00,sunny,BL,0.25,14:00:00,120,72,40,8,96,0,24,0,N,lakeside,water,6,19,49.3052,-123.1388,50850,450,-1.6302042339962413
08-07-2024,WD,14:00:00,sunny,TH,0.5,14:35:00,8,6,2,0,2,0,6,0,N,forest,no water,18,28,49.3072,-123.1494,53400,3000,-1.3202459931914765
08-08-2024,WD,08:00:00,sunny,BL,0.5,07:00:00,20,14,6,0,16,4,0,0,N,lakeside,water,6,19,49.3052,-123.1388,26100,24300,1.2688169594130283
08-08-2024,WD,08:00:00,sunny,TL,0.5,07:45:00,24,16,8,0,12,6,6,2,N,forest,no water,13,25,49.2996,-123.1449,28800,21600,0.9406258809138657
08-08-2024,WD,08:00:00,sunny,LL,0.5,08:30:00,48,34,14,0,34,12,2,6,N,lakeside,water,6,7,49.2972,-123.1399,31500,18900,0.6124348024147032
08-08-2024,WD,10:00:00,sunny,TH,0.25,09:15:00,8,4,4,0,8,0,0,0,N,forest,no water,18,28,49.3072,-123.1494,33750,16650,0.3389422369987343
08-08-2024,WD,10:00:00,sunny,TL,0.25,09:40:00,28,16,12,0,20,4,4,0,N,forest,no water,13,25,49.2996,-123.1449,35250,15150,0.15661386005475508
08-08-2024,WD,10:00:00,sunny,LL,0.25,10:05:00,76,40,36,0,64,12,0,4,N,lakeside,water,6,7,49.2972,-123.1399,36750,13650,-0.025714516889224118
08-08-2024,WD,10:00:00,sunny,BO,0.25,10:30:00,28,12,12,4,24,4,0,8,N,developed,no water,2,16,49.3,-123.1244,38250,12150,-0.20804289383320332
08-08-2024,WD,12:00:00,sunny,PP,0.17,11:00:00,658.8235294117646,335.2941176470588,211.76470588235293,111.76470588235293,311.7647058823529,11.76470588235294,335.2941176470588,0,N,seawall,water,0,24,49.3111,-123.1381,39906,10494,-0.40933342197935635
08-08-2024,WD,12:00:00,sunny,BL,0.25,11:20:00,72,32,40,0,44,0,28,0,N,lakeside,water,6,19,49.3052,-123.1388,41250,9150,-0.5726996477211618
08-08-2024,WD,12:00:00,sunny,TH,0.25,11:45:00,8,8,0,0,0,0,8,0,N,forest,no water,18,28,49.3072,-123.1494,42750,7650,-0.755028024665141
08-08-2024,WD,12:00:00,sunny,TL,0.25,12:10:00,32,16,16,0,28,0,4,0,N,forest,no water,13,25,49.2996,-123.1449,44250,6150,-0.9373564016091201
08-08-2024,WD,12:00:00,sunny,LL,0.25,12:35:00,96,28,56,12,96,0,0,16,N,lakeside,water,6,7,49.2972,-123.1399,45750,4650,-1.1196847785530994
08-08-2024,WD,14:00:00,sunny,AQ,0.25,13:00:00,172,68,88,16,140,8,24,16,N,developed,no water,4,10,49.3001,-123.1321,47250,3150,-1.3020131554970786
08-08-2024,WD,14:00:00,sunny,BO,0.25,13:25:00,72,28,32,12,56,4,12,0,N,developed,no water,2,16,49.3,-123.1244,48750,1650,-1.4843415324410578
08-08-2024,WD,14:00:00,sunny,HR,0.17,13:50:00,970.5882352941176,452.9411764705882,435.2941176470588,82.35294117647058,411.7647058823529,52.94117647058823,505.8823529411764,5.88235294117647,N,seawall,water,0,1,49.2968,-123.1348,50106,294,-1.649166385198415
08-08-2024,WD,14:00:00,sunny,LL,0.25,14:15:00,124,48,68,8,108,8,8,20,N,lakeside,water,6,7,49.2972,-123.1399,51750,1350,-1.5208072078298536
08-08-2024,WD,14:00:00,sunny,TL,0.25,14:45:00,48,20,28,0,24,0,24,0,N,forest,no water,13,25,49.2996,-123.1449,53550,3150,-1.3020131554970786
08-10-2024,WE,08:00:00,sunny,TL,0.5,07:40:00,10,8,2,0,4,4,2,0,N,forest,no water,13,25,49.2996,-123.1449,28500,21900,0.9770915563026615
08-10-2024,WE,08:00:00,sunny,LL,0.5,08:20:00,66,28,38,0,52,14,0,8,N,lakeside,water,6,7,49.2972,-123.1399,30900,19500,0.6853661531922948
08-10-2024,WE,10:00:00,sunny,BL,0.25,09:00:00,52,40,12,0,24,4,24,0,N,lakeside,water,6,19,49.3052,-123.1388,32850,17550,0.44833926316512185
08-10-2024,WE,10:00:00,sunny,HR,0.17,09:25:00,817.6470588235294,452.9411764705882,341.17647058823525,23.52941176470588,347.05882352941177,47.05882352941176,423.52941176470586,0,N,seawall,water,0,1,49.2968,-123.1348,34206,16194,0.2835144104077646
08-10-2024,WE,10:00:00,sunny,LL,0.25,09:45:00,84,36,44,4,52,16,16,12,Y,lakeside,water,6,7,49.2972,-123.1399,35550,14850,0.12014818466595925
08-10-2024,WE,10:00:00,sunny,TH,0.25,10:15:00,12,12,0,0,0,0,12,0,N,forest,no water,18,28,49.3072,-123.1494,37350,13050,-0.0986458676668158
08-10-2024,WE,10:00:00,sunny,TL,0.25,10:40:00,64,40,16,8,52,12,0,8,Y,forest,no water,13,25,49.2996,-123.1449,38850,11550,-0.280974244610795
08-10-2024,WE,12:00:00,sunny,BL,0.25,11:05:00,76,28,44,4,48,0,28,0,N,lakeside,water,6,19,49.3052,-123.1388,40350,10050,-0.4633026215547742
08-10-2024,WE,12:00:00,sunny,HR,0.17,11:30:00,1588.2352941176468,741.1764705882352,817.6470588235294,29.41176470588235,588.2352941176471,41.17647058823529,958.8235294117646,17.64705882352941,Y,seawall,water,0,1,49.2968,-123.1348,41706,8694,-0.6281274743121315
08-10-2024,WE,12:00:00,sunny,BO,0.25,12:00:00,64,36,20,8,56,8,0,4,N,developed,no water,2,16,49.3,-123.1244,43650,6750,-0.8644250508315284
08-10-2024,WE,12:00:00,sunny,AQ,0.25,12:30:00,204,100,84,20,184,12,8,8,N,developed,no water,4,10,49.3001,-123.1321,45450,4950,-1.0832191031643035
08-10-2024,WE,14:00:00,sunny,PP,0.17,13:00:00,964.7058823529411,435.2941176470588,494.1176470588235,35.29411764705882,300,17.64705882352941,647.0588235294117,0,N,seawall,water,0,24,49.3111,-123.1381,47106,3294,-1.2845096313104565
08-10-2024,WE,14:00:00,sunny,BO,0.25,13:30:00,80,36,40,4,64,4,12,4,N,developed,no water,2,16,49.3,-123.1244,49050,1350,-1.5208072078298536
08-10-2024,WE,14:00:00,sunny,AQ,0.25,14:00:00,252,112,112,28,248,0,4,0,N,developed,no water,4,10,49.3001,-123.1321,50850,450,-1.6302042339962413
08-10-2024,WE,14:00:00,sunny,BL,0.25,14:30:00,108,56,52,0,56,0,52,0,N,lakeside,water,6,19,49.3052,-123.1388,52650,2250,-1.411410181663466
08-11-2024,WE,08:00:00,sunny,PP,0.25,07:00:00,260,144,112,4,96,28,136,0,N,seawall,water,0,24,49.3111,-123.1381,25650,24750,1.323515472496222
08-11-2024,WE,08:00:00,sunny,AQ,0.5,07:25:00,56,22,34,0,46,4,6,6,N,developed,no water,4,10,49.3001,-123.1321,27600,22800,1.0864885824690491
08-11-2024,WE,08:00:00,sunny,BO,0.5,08:05:00,12,10,2,0,12,0,0,0,N,developed,no water,2,16,49.3,-123.1244,30000,20400,0.7947631793586823
08-11-2024,WE,08:00:00,sunny,HR,0.25,08:45:00,308,156,136,16,120,40,148,0,N,seawall,water,0,1,49.2968,-123.1348,31950,18450,0.5577362893315093
08-11-2024,WE,10:00:00,sunny,LL,0.25,09:10:00,88,40,44,4,64,16,8,16,N,lakeside,water,6,7,49.2972,-123.1399,33450,16950,0.37540791238753013
08-11-2024,WE,10:00:00,sunny,AQ,0.25,09:35:00,168,76,72,20,152,16,0,0,N,developed,no water,4,10,49.3001,-123.1321,34950,15450,0.19307953544355094
08-11-2024,WE,10:00:00,sunny,BO,0.25,10:00:00,64,40,16,8,56,0,8,4,N,developed,no water,2,16,49.3,-123.1244,36450,13950,0.010751158499571723
08-11-2024,WE,10:00:00,sunny,PP,0.17,10:25:00,700,399.99999999999994,270.5882352941176,29.41176470588235,182.35294117647058,11.76470588235294,505.8823529411764,0,N,seawall,water,0,24,49.3111,-123.1381,37806,12594,-0.15407369425778547
08-11-2024,WE,10:00:00,sunny,BL,0.25,10:45:00,60,28,28,4,36,4,20,0,N,lakeside,water,6,19,49.3052,-123.1388,39150,11250,-0.31743991999959087
08-11-2024,WE,12:00:00,sunny,TL,0.25,11:10:00,56,32,24,0,32,8,16,8,N,forest,no water,13,25,49.2996,-123.1449,40650,9750,-0.49976829694357006
08-11-2024,WE,12:00:00,sunny,TH,0.25,11:35:00,8,8,0,0,8,0,0,8,N,forest,no water,18,28,49.3072,-123.1494,42150,8250,-0.6820966738875492
08-11-2024,WE,12:00:00,sunny,BL,0.25,12:00:00,84,48,36,0,44,0,40,8,N,lakeside,water,6,19,49.3052,-123.1388,43650,6750,-0.8644250508315284
08-11-2024,WE,12:00:00,sunny,PP,0.17,12:25:00,870.5882352941176,505.8823529411764,329.4117647058823,35.29411764705882,270.5882352941176,29.41176470588235,570.5882352941176,0,N,seawall,water,0,24,49.3111,-123.1381,45006,5394,-1.0292499035888858
08-11-2024,WE,14:00:00,sunny,TH,0.25,13:00:00,12,12,0,0,4,0,8,0,N,forest,no water,18,28,49.3072,-123.1494,47250,3150,-1.3020131554970786
08-11-2024,WE,14:00:00,sunny,TL,0.25,13:25:00,72,36,36,0,32,0,40,8,N,forest,no water,13,25,49.2996,-123.1449,48750,1650,-1.4843415324410578
08-11-2024,WE,14:00:00,sunny,LL,0.25,13:50:00,144,60,76,8,136,8,0,28,N,lakeside,water,6,7,49.2972,-123.1399,50250,150,-1.666669909385037
08-11-2024,WE,14:00:00,sunny,HR,0.17,14:15:00,1494.1176470588234,752.9411764705882,700,41.17647058823529,582.3529411764705,70.58823529411764,841.1764705882352,0,N,seawall,water,0,1,49.2968,-123.1348,51606,1206,-1.5383107320164757
08-11-2024,WE,14:00:00,sunny,AQ,0.25,14:35:00,260,108,112,40,252,0,8,0,N,developed,no water,4,10,49.3001,-123.1321,52950,2550,-1.3749445062746704
08-12-2024,WD,08:00:00,cloudy,HR,0.25,07:00:00,244,140,104,0,88,20,136,4,N,seawall,water,0,1,49.2968,-123.1348,25650,24750,1.323515472496222
08-12-2024,WD,08:00:00,cloudy,TL,0.5,07:25:00,10,10,0,0,10,0,0,0,N,forest,no water,13,25,49.2996,-123.1449,27600,22800,1.0864885824690491
08-12-2024,WD,08:00:00,cloudy,BL,0.5,08:05:00,8,6,2,0,2,0,6,0,N,lakeside,water,6,19,49.3052,-123.1388,30000,20400,0.7947631793586823
08-12-2024,WD,08:00:00,cloudy,PP,0.25,08:45:00,108,76,32,0,36,16,56,0,N,seawall,water,0,24,49.3111,-123.1381,31950,18450,0.5577362893315093
08-12-2024,WD,10:00:00,cloudy,BO,0.25,09:10:00,16,12,4,0,16,0,0,0,N,developed,no water,2,16,49.3,-123.1244,33450,16950,0.37540791238753013
08-12-2024,WD,10:00:00,cloudy,HR,0.25,09:35:00,492,252,232,8,180,40,272,0,N,seawall,water,0,1,49.2968,-123.1348,34950,15450,0.19307953544355094
08-12-2024,WD,10:00:00,cloudy,TL,0.25,10:00:00,24,16,8,0,12,4,8,8,N,forest,no water,13,25,49.2996,-123.1449,36450,13950,0.010751158499571723
08-12-2024,WD,10:00:00,cloudy,TH,0.25,10:25:00,4,4,0,0,4,0,0,0,N,forest,no water,18,28,49.3072,-123.1494,37950,12450,-0.1715772184444075
08-12-2024,WD,12:00:00,cloudy,BL,0.25,10:55:00,64,32,28,4,40,0,24,0,N,lakeside,water,6,19,49.3052,-123.1388,39750,10650,-0.39037127077718253
08-12-2024,WD,12:00:00,cloudy,HR,0.17,11:20:00,682.3529411764705,335.2941176470588,300,41.17647058823529,347.05882352941177,17.64705882352941,317.6470588235294,0,N,seawall,water,0,1,49.2968,-123.1348,41106,9294,-0.5551961235345397
08-12-2024,WD,12:00:00,cloudy,AQ,0.25,11:40:00,144,68,64,12,140,4,0,12,N,developed,no water,4,10,49.3001,-123.1321,42450,7950,-0.7185623492763451
08-12-2024,WD,12:00:00,cloudy,BO,0.25,12:10:00,36,20,16,0,32,0,4,0,N,developed,no water,2,16,49.3,-123.1244,44250,6150,-0.9373564016091201
08-12-2024,WD,12:00:00,cloudy,PP,0.17,12:35:00,611.7647058823529,317.6470588235294,270.5882352941176,23.52941176470588,241.17647058823528,11.76470588235294,358.8235294117647,0,N,seawall,water,0,24,49.3111,-123.1381,45606,4794,-1.1021812543664773
08-12-2024,WD,14:00:00,cloudy,BL,0.25,13:00:00,80,36,40,4,48,4,28,0,N,lakeside,water,6,19,49.3052,-123.1388,47250,3150,-1.3020131554970786
08-12-2024,WD,14:00:00,cloudy,AQ,0.25,13:25:00,200,100,88,12,168,0,32,0,N,developed,no water,4,10,49.3001,-123.1321,48750,1650,-1.4843415324410578
08-12-2024,WD,14:00:00,cloudy,BO,0.25,13:50:00,60,36,20,4,60,0,0,8,N,developed,no water,2,16,49.3,-123.1244,50250,150,-1.666669909385037
08-12-2024,WD,14:00:00,cloudy,PP,0.17,14:15:00,752.9411764705882,423.52941176470586,317.6470588235294,11.76470588235294,264.70588235294116,17.64705882352941,470.5882352941176,0,N,seawall,water,0,24,49.3111,-123.1381,51606,1206,-1.5383107320164757
08-13-2024,WD,19:00:00,cloudy,BL,0.25,18:10:00,36,24,12,0,28,0,8,4,N,lakeside,water,6,19,49.3052,-123.1388,65850,15450,0.19307953544355094
08-13-2024,WD,19:00:00,cloudy,TL,0.25,19:00:00,12,12,0,0,8,0,4,8,N,forest,no water,13,25,49.2996,-123.1449,68850,18450,0.5577362893315093
08-13-2024,WD,19:00:00,cloudy,LL,0.25,19:25:00,124,60,60,4,84,40,0,4,Y,lakeside,water,6,7,49.2972,-123.1399,70350,19950,0.7400646662754886
08-13-2024,WD,19:00:00,cloudy,HR,0.17,19:45:00,382.35294117647055,194.1176470588235,176.47058823529412,11.76470588235294,194.1176470588235,35.29411764705882,152.94117647058823,11.76470588235294,Y,seawall,water,0,1,49.2968,-123.1348,71406,21006,0.8684238436440499
08-13-2024,WD,21:00:00,dark,AQ,0.25,20:30:00,32,20,12,0,28,0,4,8,Y,developed,no water,4,10,49.3001,-123.1321,74250,23850,1.2141184463298345
08-13-2024,WD,21:00:00,dark,PP,0.25,21:00:00,32,28,4,0,0,12,20,0,Y,seawall,water,0,24,49.3111,-123.1381,76050,25650,1.4329124986626096
08-13-2024,WD,21:00:00,dark,HR,0.17,21:30:00,29.41176470588235,29.41176470588235,0,0,11.76470588235294,0,17.64705882352941,0,Y,seawall,water,0,1,49.2968,-123.1348,77706,27306,1.6342030268087626
08-14-2024,WD,19:00:00,sunny,BL,0.25,18:00:00,40,20,16,4,24,4,12,8,Y,lakeside,water,6,19,49.3052,-123.1388,65250,14850,0.12014818466595925
08-14-2024,WD,19:00:00,sunny,PP,0.17,18:25:00,488.235294117647,247.05882352941174,235.2941176470588,5.88235294117647,111.76470588235293,11.76470588235294,364.70588235294116,5.88235294117647,Y,seawall,water,0,24,49.3111,-123.1381,66606,16206,0.2849730374233165
08-14-2024,WD,19:00:00,sunny,AQ,0.25,18:50:00,96,44,52,0,76,8,12,12,Y,developed,no water,4,10,49.3001,-123.1321,68250,17850,0.48480493855391765
08-14-2024,WD,19:00:00,sunny,BO,0.25,19:20:00,56,36,16,4,52,0,4,0,Y,developed,no water,2,16,49.3,-123.1244,70050,19650,0.7035989908866928
08-14-2024,WD,19:00:00,sunny,HR,0.17,19:40:00,423.52941176470586,211.76470588235293,211.76470588235293,0,205.88235294117646,41.17647058823529,176.47058823529412,0,N,seawall,water,0,1,49.2968,-123.1348,71106,20706,0.831958168255254
08-14-2024,WD,21:00:00,sunny,LL,0.25,20:00:00,80,48,32,0,64,16,0,20,N,lakeside,water,6,7,49.2972,-123.1399,72450,22050,0.9953243939970594
08-14-2024,WD,21:00:00,dark,BL,0.25,21:15:00,8,8,0,0,8,0,0,0,N,lakeside,water,6,19,49.3052,-123.1388,76950,26550,1.542309524828997
08-14-2024,WD,21:00:00,dark,PP,0.25,21:40:00,8,8,0,0,0,0,8,0,N,seawall,water,0,24,49.3111,-123.1381,78450,28050,1.7246379017729763
08-15-2024,WD,08:00:00,sunny,LL,0.5,07:30:00,42,20,22,0,32,10,0,8,N,lakeside,water,6,7,49.2972,-123.1399,27900,22500,1.0500229070802531
08-15-2024,WD,08:00:00,sunny,BO,0.5,08:10:00,10,8,2,0,6,0,4,0,N,developed,no water,2,16,49.3,-123.1244,30300,20100,0.7582975039698865
08-15-2024,WD,08:00:00,sunny,AQ,0.25,08:45:00,48,24,24,0,36,0,12,4,N,developed,no water,4,10,49.3001,-123.1321,31950,18450,0.5577362893315093
08-15-2024,WD,10:00:00,sunny,PP,0.17,09:10:00,288.235294117647,129.41176470588235,158.8235294117647,0,76.47058823529412,23.52941176470588,188.23529411764704,0,N,seawall,water,0,24,49.3111,-123.1381,33306,17094,0.3929114365741522
08-15-2024,WD,10:00:00,sunny,BL,0.25,09:30:00,40,24,16,0,28,0,12,0,N,lakeside,water,6,19,49.3052,-123.1388,34650,15750,0.22954521083234677
08-15-2024,WD,10:00:00,sunny,TL,0.25,10:15:00,24,8,16,0,8,8,8,4,N,forest,no water,13,25,49.2996,-123.1449,37350,13050,-0.0986458676668158
08-15-2024,WD,10:00:00,sunny,LL,0.25,10:40:00,76,40,36,0,64,12,0,16,N,lakeside,water,6,7,49.2972,-123.1399,38850,11550,-0.280974244610795
08-15-2024,WD,12:00:00,sunny,HR,0.17,11:05:00,1352.941176470588,605.8823529411765,611.7647058823529,135.2941176470588,447.0588235294117,58.8235294117647,847.0588235294117,0,Y,seawall,water,0,1,49.2968,-123.1348,40206,10194,-0.4457990973681522
08-15-2024,WD,12:00:00,sunny,LL,0.25,11:25:00,64,24,40,0,52,12,0,4,Y,lakeside,water,6,7,49.2972,-123.1399,41550,8850,-0.6091653231099576
08-15-2024,WD,12:00:00,sunny,TL,0.25,11:50:00,56,32,24,0,44,0,12,0,Y,forest,no water,13,25,49.2996,-123.1449,43050,7350,-0.7914937000539368
08-15-2024,WD,12:00:00,sunny,BL,0.25,12:40:00,76,36,40,0,36,0,40,0,N,lakeside,water,6,19,49.3052,-123.1388,46050,4350,-1.1561504539418952
08-15-2024,WD,14:00:00,sunny,PP,0.17,13:10:00,664.7058823529411,317.6470588235294,317.6470588235294,23.52941176470588,170.58823529411762,5.88235294117647,488.235294117647,11.76470588235294,Y,seawall,water,0,24,49.3111,-123.1381,47706,2694,-1.3574409820880482
08-15-2024,WD,14:00:00,sunny,AQ,0.25,13:40:00,160,68,68,24,92,0,68,0,Y,developed,no water,4,10,49.3001,-123.1321,49650,750,-1.5937385586074453
08-15-2024,WD,14:00:00,sunny,HR,0.17,14:05:00,823.5294117647059,388.235294117647,382.35294117647055,52.94117647058823,276.4705882352941,35.29411764705882,511.7647058823529,0,N,seawall,water,0,1,49.2968,-123.1348,51006,606,-1.6112420827940672
08-15-2024,WD,14:00:00,sunny,LL,0.25,14:20:00,96,40,56,0,80,8,8,12,N,lakeside,water,6,7,49.2972,-123.1399,52050,1650,-1.4843415324410578
08-15-2024,WD,14:00:00,sunny,TL,0.25,14:45:00,52,32,16,4,24,8,20,0,N,forest,no water,13,25,49.2996,-123.1449,53550,3150,-1.3020131554970786
08-15-2024,WD,19:00:00,sunny,TH,0.25,18:00:00,4,4,0,0,4,0,0,4,N,forest,no water,18,28,49.3072,-123.1494,65250,14850,0.12014818466595925
08-15-2024,WD,19:00:00,sunny,TL,0.25,18:25:00,12,8,4,0,8,0,4,0,N,forest,no water,13,25,49.2996,-123.1449,66750,16350,0.30247656160993847
08-15-2024,WD,19:00:00,sunny,LL,0.25,18:50:00,112,52,56,4,100,12,0,32,N,lakeside,water,6,7,49.2972,-123.1399,68250,17850,0.48480493855391765
08-15-2024,WD,19:00:00,sunny,HR,0.17,19:10:00,411.7647058823529,217.6470588235294,194.1176470588235,0,170.58823529411762,23.52941176470588,217.6470588235294,0,N,seawall,water,0,1,49.2968,-123.1348,69306,18906,0.613164115922479
08-15-2024,WD,19:00:00,sunny,BO,0.25,19:30:00,48,20,28,0,48,0,0,12,N,developed,no water,2,16,49.3,-123.1244,70650,20250,0.7765303416642844
08-15-2024,WD,21:00:00,sunny,AQ,0.25,20:00:00,48,28,16,4,40,0,8,0,N,developed,no water,4,10,49.3001,-123.1321,72450,22050,0.9953243939970594
08-15-2024,WD,21:00:00,dark,PP,0.25,20:25:00,56,36,20,0,20,0,36,0,N,seawall,water,0,24,49.3111,-123.1381,73950,23550,1.1776527709410387
08-14-2024,WD,08:00:00,sunny,BO,0.5,07:00:00,8,4,4,0,8,0,0,0,N,developed,no water,2,16,49.3,-123.1244,26100,24300,1.2688169594130283
08-14-2024,WD,08:00:00,sunny,AQ,0.5,07:40:00,48,20,24,4,40,2,6,0,N,developed,no water,4,10,49.3001,-123.1321,28500,21900,0.9770915563026615
08-14-2024,WD,08:00:00,sunny,PP,0.25,08:20:00,192,112,80,0,76,16,100,0,N,seawall,water,0,24,49.3111,-123.1381,30450,19950,0.7400646662754886
08-14-2024,WD,08:00:00,sunny,BL,0.25,08:45:00,24,16,8,0,16,0,8,0,N,lakeside,water,6,19,49.3052,-123.1388,31950,18450,0.5577362893315093
08-14-2024,WD,10:00:00,sunny,HR,0.17,09:15:00,617.6470588235294,335.2941176470588,276.4705882352941,5.88235294117647,223.52941176470586,47.05882352941176,347.05882352941177,0,N,seawall,water,0,1,49.2968,-123.1348,33606,16794,0.3564457611853563
08-14-2024,WD,10:00:00,sunny,BO,0.5,09:40:00,18,10,8,0,12,0,6,0,N,developed,no water,2,16,49.3,-123.1244,35700,14700,0.10191534697156132
08-14-2024,WD,10:00:00,sunny,PP,0.25,10:25:00,252,116,128,8,88,20,144,0,N,seawall,water,0,24,49.3111,-123.1381,37950,12450,-0.1715772184444075
08-14-2024,WD,12:00:00,sunny,AQ,0.5,11:00:00,170,80,80,10,154,6,10,6,N,developed,no water,4,10,49.3001,-123.1321,40500,9900,-0.4815354592491721
08-14-2024,WD,12:00:00,sunny,BO,0.5,11:40:00,28,18,10,0,22,4,2,0,N,developed,no water,2,16,49.3,-123.1244,42900,7500,-0.7732608623595388
08-14-2024,WD,12:00:00,sunny,PP,0.25,12:30:00,760,400,320,40,312,12,436,0,N,seawall,water,0,24,49.3111,-123.1381,45450,4950,-1.0832191031643035
08-14-2024,WD,14:00:00,sunny,TH,1,13:00:00,3,3,0,0,1,0,2,0,N,forest,no water,18,28,49.3072,-123.1494,48600,1800,-1.46610869474666
08-16-2024,WD,08:00:00,cloudy,HR,0.25,07:00:00,208,120,88,0,84,24,100,0,N,seawall,water,0,1,49.2968,-123.1348,25650,24750,1.323515472496222
08-16-2024,WD,08:00:00,cloudy,LL,0.5,07:25:00,28,16,12,0,24,4,0,6,N,lakeside,water,6,7,49.2972,-123.1399,27600,22800,1.0864885824690491
08-16-2024,WD,08:00:00,cloudy,TL,0.5,08:05:00,16,12,4,0,10,4,2,2,N,forest,no water,13,25,49.2996,-123.1449,30000,20400,0.7947631793586823
08-17-2024,WE,08:00:00,sunny,BL,0.5,07:00:00,12,8,4,0,12,0,0,0,Y,lakeside,water,6,19,49.3052,-123.1388,26100,24300,1.2688169594130283
08-17-2024,WE,08:00:00,sunny,PP,0.25,07:40:00,132,72,60,0,28,60,44,0,Y,seawall,water,0,24,49.3111,-123.1381,28050,22350,1.0317900693858553
08-17-2024,WE,08:00:00,sunny,AQ,0.5,08:05:00,40,18,20,2,34,6,0,0,N,developed,no water,4,10,49.3001,-123.1321,30000,20400,0.7947631793586823
08-17-2024,WE,08:00:00,sunny,BO,0.25,08:45:00,20,12,8,0,16,0,4,0,Y,developed,no water,2,16,49.3,-123.1244,31950,18450,0.5577362893315093
08-17-2024,WE,10:00:00,sunny,HR,0.17,09:10:00,788.235294117647,388.235294117647,358.8235294117647,35.29411764705882,335.2941176470588,123.52941176470587,329.4117647058823,0,Y,seawall,water,0,1,49.2968,-123.1348,33306,17094,0.3929114365741522
08-17-2024,WE,10:00:00,sunny,LL,0.25,09:30:00,132,84,40,8,72,60,0,12,Y,lakeside,water,6,7,49.2972,-123.1399,34650,15750,0.22954521083234677
08-17-2024,WE,10:00:00,sunny,TL,0.25,09:55:00,44,20,20,4,24,0,20,0,N,forest,no water,13,25,49.2996,-123.1449,36150,14250,0.04721683388836757
08-17-2024,WE,10:00:00,sunny,PP,0.17,10:50:00,764.7058823529411,358.8235294117647,352.94117647058823,52.94117647058823,288.235294117647,58.8235294117647,417.6470588235294,0,N,seawall,water,0,24,49.3111,-123.1381,39306,11094,-0.3364020712017647
08-17-2024,WE,12:00:00,sunny,BO,0.25,11:15:00,64,28,28,8,64,0,0,0,N,developed,no water,2,16,49.3,-123.1244,40950,9450,-0.5362339723323659
08-17-2024,WE,12:00:00,sunny,AQ,0.25,11:40:00,188,88,84,16,156,16,16,8,N,developed,no water,4,10,49.3001,-123.1321,42450,7950,-0.7185623492763451
08-17-2024,WE,12:00:00,sunny,TL,0.25,12:35:00,60,36,20,4,28,0,32,8,N,forest,no water,13,25,49.2996,-123.1449,45750,4650,-1.1196847785530994
08-17-2024,WE,14:00:00,sunny,LL,0.25,13:00:00,112,52,52,8,92,20,0,40,N,lakeside,water,6,7,49.2972,-123.1399,47250,3150,-1.3020131554970786
08-17-2024,WE,14:00:00,sunny,BO,0.25,13:25:00,72,48,20,4,56,0,16,0,N,developed,no water,2,16,49.3,-123.1244,48750,1650,-1.4843415324410578
08-17-2024,WE,14:00:00,sunny,PP,0.17,13:50:00,917.6470588235294,541.1764705882352,341.17647058823525,35.29411764705882,388.235294117647,41.17647058823529,488.235294117647,0,N,seawall,water,0,24,49.3111,-123.1381,50106,294,-1.649166385198415
08-17-2024,WE,14:00:00,sunny,BL,0.25,14:10:00,80,48,28,4,48,0,32,0,N,lakeside,water,6,19,49.3052,-123.1388,51450,1050,-1.5572728832186495
08-17-2024,WE,14:00:00,sunny,TH,0.25,14:35:00,8,0,8,0,8,0,0,8,N,forest,no water,18,28,49.3072,-123.1494,52950,2550,-1.3749445062746704
08-17-2024,WE,19:00:00,cloudy,HR,0.17,18:05:00,1211.764705882353,517.6470588235294,594.1176470588235,94.11764705882352,582.3529411764705,5.88235294117647,623.5294117647059,41.17647058823529,Y,seawall,water,0,1,49.2968,-123.1348,65406,15006,0.1391103358681331
08-17-2024,WE,19:00:00,cloudy,LL,0.25,18:25:00,56,36,20,0,56,0,0,8,Y,lakeside,water,6,7,49.2972,-123.1399,66750,16350,0.30247656160993847
08-17-2024,WE,19:00:00,cloudy,TL,0.25,18:50:00,8,8,0,0,4,0,4,0,Y,forest,no water,13,25,49.2996,-123.1449,68250,17850,0.48480493855391765
08-17-2024,WE,19:00:00,cloudy,BL,0.25,19:42:00,20,8,12,0,12,0,8,0,Y,lakeside,water,6,19,49.3052,-123.1388,71370,20970,0.8640479625973945
08-17-2024,WE,21:00:00,cloudy,PP,0.17,20:08:00,399.99999999999994,205.88235294117646,176.47058823529412,17.64705882352941,76.47058823529412,23.52941176470588,300,17.64705882352941,Y,seawall,water,0,24,49.3111,-123.1381,72786,22386,1.0361659504325107
08-17-2024,WE,21:00:00,dark,HR,0.25,21:25:00,152,112,28,0,44,0,108,0,Y,seawall,water,0,1,49.2968,-123.1348,77550,27150,1.6152408756065888
08-17-2024,WE,21:00:00,dark,LL,0.25,21:45:00,8,8,0,0,8,0,0,0,N,lakeside,water,6,7,49.2972,-123.1399,78750,28350,1.7611035771617722
07-27-2024,WE,08:00:00,sunny,BL,0.5,07:40:00,10,8,2,0,10,0,0,0,N,lakeside,water,6,19,49.3052,-123.1388,28500,21900,0.9770915563026615
07-27-2024,WE,08:00:00,sunny,AQ,0.25,08:22:00,60,32,28,0,40,12,8,0,N,developed,no water,4,10,49.3001,-123.1321,30570,19830,0.7254783961199702
07-27-2024,WE,08:00:00,sunny,HR,0.17,08:47:00,352.94117647058823,217.6470588235294,129.41176470588235,5.88235294117647,182.35294117647058,41.17647058823529,129.41176470588235,0,N,seawall,water,0,1,49.2968,-123.1348,31926,18474,0.560653543362613
07-27-2024,WE,10:00:00,sunny,TL,0.25,09:10:00,40,32,8,0,28,4,8,12,N,forest,no water,13,25,49.2996,-123.1449,33450,16950,0.37540791238753013
07-27-2024,WE,10:00:00,sunny,AQ,0.25,10:10:00,168,72,84,12,160,0,8,0,N,developed,no water,4,10,49.3001,-123.1321,37050,13350,-0.06218019227801996
07-27-2024,WE,10:00:00,sunny,HR,0.17,10:35:00,852.9411764705882,447.0588235294117,370.5882352941176,23.52941176470588,364.70588235294116,47.05882352941176,441.17647058823525,0,N,seawall,water,0,1,49.2968,-123.1348,38406,11994,-0.22700504503537716
07-27-2024,WE,12:00:00,sunny,LL,0.25,11:00:00,100,40,60,0,96,4,0,20,N,lakeside,water,6,7,49.2972,-123.1399,40050,10350,-0.4268369461659784
07-27-2024,WE,12:00:00,sunny,TL,0.25,11:23:00,56,36,20,0,16,4,36,0,N,forest,no water,13,25,49.2996,-123.1449,41430,8970,-0.5945790529544392
07-27-2024,WE,12:00:00,sunny,TH,0.25,11:50:00,4,4,0,0,4,0,0,0,N,forest,no water,18,28,49.3072,-123.1494,43050,7350,-0.7914937000539368
07-27-2024,WE,12:00:00,sunny,BL,0.25,12:15:00,68,32,32,4,48,0,20,0,N,lakeside,water,6,19,49.3052,-123.1388,44550,5850,-0.973822076997916
07-27-2024,WE,12:00:00,sunny,PP,0.17,12:40:00,905.8823529411764,482.35294117647055,394.1176470588235,29.41176470588235,358.8235294117647,17.64705882352941,529.4117647058823,5.88235294117647,N,seawall,water,0,24,49.3111,-123.1381,45906,4494,-1.1386469297552733
07-27-2024,WE,14:00:00,sunny,AQ,0.25,13:00:00,224,88,120,16,204,8,12,16,N,developed,no water,4,10,49.3001,-123.1321,47250,3150,-1.3020131554970786
07-27-2024,WE,14:00:00,sunny,BO,0.25,13:25:00,76,36,28,12,64,12,0,0,N,developed,no water,2,16,49.3,-123.1244,48750,1650,-1.4843415324410578
07-27-2024,WE,14:00:00,sunny,HR,0.17,13:50:00,1582.3529411764705,829.4117647058823,700,52.94117647058823,705.8823529411765,29.41176470588235,847.0588235294117,0,N,seawall,water,0,1,49.2968,-123.1348,50106,294,-1.649166385198415
07-27-2024,WE,14:00:00,sunny,TL,0.25,14:15:00,64,40,24,0,32,0,32,0,N,forest,no water,13,25,49.2996,-123.1449,51750,1350,-1.5208072078298536
08-11-2024,WE,19:00:00,sunny,BO,0.25,18:00:00,48,32,12,4,48,0,0,0,N,developed,no water,2,16,49.3,-123.1244,65250,14850,0.12014818466595925
08-11-2024,WE,19:00:00,sunny,AQ,0.25,18:25:00,68,24,40,4,68,0,0,16,N,developed,no water,4,10,49.3001,-123.1321,66750,16350,0.30247656160993847
08-11-2024,WE,19:00:00,sunny,PP,0.17,18:50:00,529.4117647058823,352.94117647058823,164.70588235294116,11.76470588235294,158.8235294117647,35.29411764705882,335.2941176470588,0,N,seawall,water,0,24,49.3111,-123.1381,68106,17706,0.46730141436729566
08-11-2024,WE,19:00:00,sunny,BL,0.25,19:10:00,28,20,8,0,24,0,4,4,N,lakeside,water,6,19,49.3052,-123.1388,69450,19050,0.630667640109101
08-11-2024,WE,19:00:00,sunny,HR,0.17,19:40:00,194.1176470588235,111.76470588235293,82.35294117647058,0,94.11764705882352,0,99.99999999999999,0,N,seawall,water,0,1,49.2968,-123.1348,71106,20706,0.831958168255254
08-11-2024,WE,21:00:00,sunny,LL,0.25,20:01:00,80,48,32,0,48,12,20,12,N,lakeside,water,6,7,49.2972,-123.1399,72510,22110,1.0026175290748187
08-11-2024,WE,21:00:00,dark,BL,0.25,21:15:00,8,8,0,0,8,0,0,0,N,lakeside,water,6,19,49.3052,-123.1388,76950,26550,1.542309524828997
08-11-2024,WE,21:00:00,dark,PP,0.25,21:40:00,24,16,8,0,8,0,16,4,N,seawall,water,0,24,49.3111,-123.1381,78450,28050,1.7246379017729763
08-18-2024,WE,08:00:00,cloudy,BO,1,07:00:00,3,2,1,0,2,1,0,1,N,developed,no water,2,16,49.3,-123.1244,27000,23400,1.1594199332466408
08-18-2024,WE,08:00:00,cloudy,PP,0.5,08:30:00,242,154,86,2,94,20,128,0,N,seawall,water,0,24,49.3111,-123.1381,31500,18900,0.6124348024147032
08-18-2024,WE,12:00:00,cloudy,HR,0.25,12:00:00,1424,784,588,48,656,48,720,0,N,seawall,water,0,1,49.2968,-123.1348,43650,6750,-0.8644250508315284
08-18-2024,WE,14:00:00,cloudy,PP,0.25,14:00:00,948,552,380,12,416,48,484,0,N,seawall,water,0,24,49.3111,-123.1381,50850,450,-1.6302042339962413
08-18-2024,WE,19:00:00,cloudy,AQ,0.25,18:00:00,72,40,32,0,56,0,16,8,N,developed,no water,4,10,49.3001,-123.1321,65250,14850,0.12014818466595925
08-19-2024,WD,19:00:00,rain,AQ,0.25,18:00:00,16,8,8,0,4,8,4,4,Y,developed,no water,4,10,49.3001,-123.1321,65250,14850,0.12014818466595925
08-19-2024,WD,19:00:00,rain,PP,0.25,18:32:00,88,64,16,0,32,20,36,0,Y,seawall,water,0,24,49.3111,-123.1381,67170,16770,0.35352850715425266
08-19-2024,WD,19:00:00,rain,BL,0.25,18:55:00,28,4,24,0,16,4,8,0,Y,lakeside,water,6,19,49.3052,-123.1388,68550,18150,0.5212706139427135
08-19-2024,WD,19:00:00,rain,TL,0.25,19:20:00,8,4,4,0,8,0,0,0,Y,forest,no water,13,25,49.2996,-123.1449,70050,19650,0.7035989908866928
08-19-2024,WD,19:00:00,rain,LL,0.25,19:45:00,36,24,12,0,16,20,0,4,Y,lakeside,water,6,7,49.2972,-123.1399,71550,21150,0.8859273678306719
08-19-2024,WD,21:00:00,rain,HR,0.25,20:05:00,164,72,92,0,92,32,40,0,Y,seawall,water,0,1,49.2968,-123.1348,72750,22350,1.0317900693858553
08-18-2024,WE,19:00:00,cloudy,PP,0.17,18:25:00,476.4705882352941,288.235294117647,188.23529411764704,0,176.47058823529412,11.76470588235294,288.235294117647,0,N,seawall,water,0,24,49.3111,-123.1381,66606,16206,0.2849730374233165
08-18-2024,WE,19:00:00,cloudy,BL,0.25,18:45:00,24,8,16,0,24,0,0,0,N,lakeside,water,6,19,49.3052,-123.1388,67950,17550,0.44833926316512185
08-18-2024,WE,19:00:00,cloudy,TL,0.25,19:35:00,8,4,4,0,0,0,8,0,N,forest,no water,13,25,49.2996,-123.1449,70950,20550,0.8129960170530802
08-18-2024,WE,21:00:00,cloudy,LL,0.25,20:00:00,48,32,16,0,48,0,0,16,N,lakeside,water,6,7,49.2972,-123.1399,72450,22050,0.9953243939970594
08-18-2024,WE,21:00:00,dark,HR,0.17,20:23:00,352.94117647058823,188.23529411764704,164.70588235294116,0,158.8235294117647,0,194.1176470588235,0,N,seawall,water,0,1,49.2968,-123.1348,73686,23286,1.1455629765988984
08-18-2024,WE,21:00:00,dark,BO,0.25,20:43:00,4,4,0,0,4,0,0,0,N,developed,no water,2,16,49.3,-123.1244,75030,24630,1.3089292023407038
08-18-2024,WE,21:00:00,dark,AQ,0.25,21:05:00,8,4,4,0,8,0,0,0,N,developed,no water,4,10,49.3001,-123.1321,76350,25950,1.4693781740514054
08-19-2024,WD,21:00:00,dark,BL,0.25,20:30:00,8,8,0,0,8,0,0,0,Y,lakeside,water,6,19,49.3052,-123.1388,74250,23850,1.2141184463298345
08-19-2024,WD,21:00:00,dark,LL,0.25,21:00:00,16,12,4,0,8,0,8,0,N,lakeside,water,6,7,49.2972,-123.1399,76050,25650,1.4329124986626096
07-31-2024,WD,19:00:00,cloudy,AQ,0.25,18:35:00,76,32,32,12,68,0,8,0,N,developed,no water,4,10,49.3001,-123.1321,67350,16950,0.37540791238753013
07-31-2024,WD,19:00:00,cloudy,BO,0.25,19:00:00,32,16,16,0,32,0,0,4,N,developed,no water,2,16,49.3,-123.1244,68850,18450,0.5577362893315093
07-31-2024,WD,19:00:00,cloudy,PP,0.17,19:30:00,394.1176470588235,247.05882352941174,141.17647058823528,5.88235294117647,170.58823529411762,41.17647058823529,182.35294117647058,0,N,seawall,water,0,24,49.3111,-123.1381,70506,20106,0.7590268174776624
07-31-2024,WD,21:00:00,cloudy,BO,0.25,20:00:00,8,8,0,0,8,0,0,0,N,developed,no water,2,16,49.3,-123.1244,72450,22050,0.9953243939970594
07-31-2024,WD,21:00:00,dark,HR,0.17,20:25:00,229.41176470588235,117.6470588235294,111.76470588235293,0,129.41176470588235,0,99.99999999999999,11.76470588235294,N,seawall,water,0,1,49.2968,-123.1348,73806,23406,1.1601492467544166
07-31-2024,WD,21:00:00,dark,LL,0.5,20:45:00,16,12,4,0,16,0,0,2,N,lakeside,water,6,7,49.2972,-123.1399,75600,25200,1.3782139855794158
08-10-2024,WE,19:00:00,sunny,LL,0.25,18:00:00,88,56,32,0,64,16,8,24,N,lakeside,water,6,7,49.2972,-123.1399,65250,14850,0.12014818466595925
08-10-2024,WE,19:00:00,sunny,HR,0.17,18:20:00,941.1764705882352,523.5294117647059,382.35294117647055,35.29411764705882,423.52941176470586,52.94117647058823,464.70588235294116,0,N,seawall,water,0,1,49.2968,-123.1348,66306,15906,0.24850736203452062
08-10-2024,WE,19:00:00,sunny,BO,0.25,18:40:00,32,20,12,0,28,4,0,12,N,developed,no water,2,16,49.3,-123.1244,67650,17250,0.411873587776326
08-10-2024,WE,19:00:00,sunny,AQ,0.25,19:05:00,64,36,28,0,56,0,8,4,N,developed,no water,4,10,49.3001,-123.1321,69150,18750,0.5942019647203052
08-10-2024,WE,19:00:00,sunny,PP,0.17,19:35:00,488.235294117647,282.35294117647055,199.99999999999997,5.88235294117647,135.2941176470588,17.64705882352941,335.2941176470588,0,N,seawall,water,0,24,49.3111,-123.1381,70806,20406,0.7954924928664583
08-10-2024,WE,21:00:00,sunny,BL,0.25,20:00:00,32,20,12,0,24,0,8,0,N,lakeside,water,6,19,49.3052,-123.1388,72450,22050,0.9953243939970594
08-10-2024,WE,21:00:00,dark,TL,0.25,20:50:00,4,4,0,0,4,0,0,0,N,forest,no water,13,25,49.2996,-123.1449,75450,25050,1.359981147885018
08-10-2024,WE,21:00:00,dark,HR,0.25,21:15:00,140,80,60,0,88,0,52,0,N,seawall,water,0,1,49.2968,-123.1348,76950,26550,1.542309524828997
07-27-2024,WE,19:00:00,sunny,TL,0.25,18:30:00,24,12,12,0,24,0,0,0,N,forest,no water,13,25,49.2996,-123.1449,67050,16650,0.3389422369987343
07-27-2024,WE,19:00:00,sunny,LL,0.25,19:00:00,76,36,40,0,60,16,0,16,N,lakeside,water,6,7,49.2972,-123.1399,68850,18450,0.5577362893315093
07-27-2024,WE,19:00:00,sunny,BO,0.5,19:25:00,18,12,6,0,18,0,0,0,N,developed,no water,2,16,49.3,-123.1244,70800,20400,0.7947631793586823
07-27-2024,WE,21:00:00,sunny,AQ,0.25,20:02:00,96,56,40,0,84,0,12,0,N,developed,no water,4,10,49.3001,-123.1321,72570,22170,1.0099106641525777
07-27-2024,WE,21:00:00,dark,PP,0.25,20:22:00,312,204,108,0,104,16,192,0,N,seawall,water,0,24,49.3111,-123.1381,73770,23370,1.1557733657077611
07-25-2024,WD,08:00:00,cloudy,TH,0.5,08:15:00,0,0,0,0,0,0,0,0,Y,forest,no water,18,28,49.3072,-123.1494,30600,19800,0.7218318285810906
07-30-2024,WD,08:00:00,cloudy,TH,0.5,08:20:00,0,0,0,0,0,0,0,0,Y,forest,no water,18,28,49.3072,-123.1494,30900,19500,0.6853661531922948
08-07-2024,WD,08:00:00,sunny,TH,0.5,07:00:00,0,0,0,0,0,0,0,0,N,forest,no water,18,28,49.3072,-123.1494,26100,24300,1.2688169594130283
07-29-2024,WD,08:00:00,rain,BO,0.5,07:55:00,0,0,0,0,0,0,0,0,Y,developed,no water,2,16,49.3,-123.1244,29400,21000,0.867694530136274
07-29-2024,WD,10:00:00,rain,TH,0.5,09:25:00,0,0,0,0,0,0,0,0,N,forest,no water,18,28,49.3072,-123.1494,34800,15600,0.21131237313794884
08-10-2024,WE,08:00:00,sunny,TH,0.5,07:00:00,0,0,0,0,0,0,0,0,N,forest,no water,18,28,49.3072,-123.1494,26100,24300,1.2688169594130283
08-12-2024,WD,14:00:00,cloudy,TH,0.25,14:35:00,0,0,0,0,0,0,0,0,N,forest,no water,18,28,49.3072,-123.1494,52950,2550,-1.3749445062746704
07-30-2024,WD,12:00:00,rain,TH,0.5,12:20:00,0,0,0,0,0,0,0,0,N,forest,no water,18,28,49.3072,-123.1494,45300,5100,-1.0649862654699056
08-13-2024,WD,19:00:00,cloudy,TH,0.25,18:35:00,0,0,0,0,0,0,0,0,N,forest,no water,18,28,49.3072,-123.1494,67350,16950,0.37540791238753013
08-13-2024,WD,21:00:00,cloudy,TL,0.25,20:05:00,0,0,0,0,0,0,0,0,Y,forest,no water,13,25,49.2996,-123.1449,72750,22350,1.0317900693858553
08-13-2024,WD,21:00:00,dark,BO,0.25,21:50:00,0,0,0,0,0,0,0,0,N,developed,no water,2,16,49.3,-123.1244,79050,28650,1.797569252550568
08-14-2024,WD,21:00:00,dark,TL,0.25,20:25:00,0,0,0,0,0,0,0,0,N,forest,no water,13,25,49.2996,-123.1449,73950,23550,1.1776527709410387
08-14-2024,WD,21:00:00,dark,TH,0.25,20:50:00,0,0,0,0,0,0,0,0,N,forest,no water,18,28,49.3072,-123.1494,75450,25050,1.359981147885018
08-15-2024,WD,08:00:00,sunny,TH,0.25,07:00:00,0,0,0,0,0,0,0,0,N,forest,no water,18,28,49.3072,-123.1494,25650,24750,1.323515472496222
08-15-2024,WD,10:00:00,sunny,TH,0.17,09:55:00,0,0,0,0,0,0,0,0,N,forest,no water,18,28,49.3072,-123.1494,36006,14394,0.06472035807498958
08-15-2024,WD,12:00:00,sunny,TH,0.25,12:30:00,0,0,0,0,0,0,0,0,Y,forest,no water,18,28,49.3072,-123.1494,45450,4950,-1.0832191031643035
08-15-2024,WD,21:00:00,dark,BL,0.25,20:50:00,0,0,0,0,0,0,0,0,N,lakeside,water,6,19,49.3052,-123.1388,75450,25050,1.359981147885018
08-15-2024,WD,21:00:00,dark,TH,0.25,21:15:00,0,0,0,0,0,0,0,0,N,forest,no water,18,28,49.3072,-123.1494,76950,26550,1.542309524828997
08-15-2024,WD,21:00:00,dark,TL,0.33,21:40:00,0,0,0,0,0,0,0,0,N,forest,no water,13,25,49.2996,-123.1449,78594,28194,1.7421414259595982
08-16-2024,WD,08:00:00,cloudy,TH,0.33,08:45:00,0,0,0,0,0,0,0,0,N,forest,no water,18,28,49.3072,-123.1494,32094,18306,0.5402327651448874
08-17-2024,WE,10:00:00,sunny,TH,0.25,10:20:00,0,0,0,0,0,0,0,0,N,forest,no water,18,28,49.3072,-123.1494,37650,12750,-0.13511154305561165
08-17-2024,WE,12:00:00,sunny,TH,0.25,12:10:00,0,0,0,0,0,0,0,0,N,forest,no water,18,28,49.3072,-123.1494,44250,6150,-0.9373564016091201
08-17-2024,WE,19:00:00,cloudy,TH,0.25,19:17:00,0,0,0,0,0,0,0,0,N,forest,no water,18,28,49.3072,-123.1494,69870,19470,0.6817195856534152
08-17-2024,WE,21:00:00,dark,BO,0.25,20:35:00,0,0,0,0,0,0,0,0,Y,developed,no water,2,16,49.3,-123.1244,74550,24150,1.2505841217186304
08-17-2024,WE,21:00:00,dark,AQ,0.25,21:00:00,0,0,0,0,0,0,0,0,Y,developed,no water,4,10,49.3001,-123.1321,76050,25650,1.4329124986626096
07-27-2024,WE,08:00:00,sunny,TH,0.5,07:00:00,0,0,0,0,0,0,0,0,N,forest,no water,18,28,49.3072,-123.1494,26100,24300,1.2688169594130283
07-27-2024,WE,10:00:00,sunny,TH,0.25,09:35:00,0,0,0,0,0,0,0,0,N,forest,no water,18,28,49.3072,-123.1494,34950,15450,0.19307953544355094
07-27-2024,WE,14:00:00,sunny,TH,0.25,14:42:00,0,0,0,0,0,0,0,0,N,forest,no water,18,28,49.3072,-123.1494,53370,2970,-1.323892560730356
08-11-2024,WE,21:00:00,dark,TL,0.25,20:25:00,0,0,0,0,0,0,0,0,N,forest,no water,13,25,49.2996,-123.1449,73950,23550,1.1776527709410387
08-11-2024,WE,21:00:00,dark,TH,0.25,20:50:00,0,0,0,0,0,0,0,0,N,forest,no water,18,28,49.3072,-123.1494,75450,25050,1.359981147885018
08-18-2024,WE,19:00:00,cloudy,TH,0.25,19:10:00,0,0,0,0,0,0,0,0,N,forest,no water,18,28,49.3072,-123.1494,69450,19050,0.630667640109101
08-18-2024,WE,21:00:00,dark,BL,0.5,21:30:00,0,0,0,0,0,0,0,0,N,lakeside,water,6,19,49.3052,-123.1388,78300,27900,1.7064050640785784
09-19-2024,WD,21:00:00,dark,AQ,0.25,21:24:00,0,0,0,0,0,0,0,0,N,developed,no water,4,10,49.3001,-123.1321,77490,27090,1.6079477405288296
09-19-2024,WD,21:00:00,dark,BO,0.25,21:45:00,0,0,0,0,0,0,0,0,N,developed,no water,2,16,49.3,-123.1244,78750,28350,1.7611035771617722
07-31-2024,WD,19:00:00,cloudy,TH,0.25,18:00:00,0,0,0,0,0,0,0,0,N,forest,no water,18,28,49.3072,-123.1494,65250,14850,0.12014818466595925
07-31-2024,WD,21:00:00,dark,TH,0.5,21:25:00,0,0,0,0,0,0,0,0,N,forest,no water,18,28,49.3072,-123.1494,78000,27600,1.6699393886897824
08-10-2024,WE,21:00:00,dark,TH,0.25,20:25:00,0,0,0,0,0,0,0,0,N,forest,no water,18,28,49.3072,-123.1494,73950,23550,1.1776527709410387
08-10-2024,WE,21:00:00,dark,BO,0.25,21:40:00,0,0,0,0,0,0,0,0,N,developed,no water,2,16,49.3,-123.1244,78450,28050,1.7246379017729763
07-27-2024,WE,19:00:00,sunny,TH,0.25,18:00:00,0,0,0,0,0,0,0,0,N,forest,no water,18,28,49.3072,-123.1494,65250,14850,0.12014818466595925
07-27-2024,WE,21:00:00,dark,TH,0.25,20:53:00,0,0,0,0,0,0,0,0,N,forest,no water,18,28,49.3072,-123.1494,75630,25230,1.3818605531182955
07-27-2024,WE,21:00:00,dark,TL,0.5,21:20:00,0,0,0,0,0,0,0,0,N,forest,no water,13,25,49.2996,-123.1449,77700,27300,1.6334737133009867
