encounter_ID,HWCR_code,date,time_formatted,lon,lat,location,encounter,coordinate_provider,coord_confidence,victim_age,victim_sex,victim_activity,human_group_size,body_part_attacked,coyote_group_size,coyote_determination,buildings_100,paved_100,other_built_100,barren_100,coniferous_100,deciduous_100,shrubs_100,mod_herbs_100,nat_herbs_100,non_photo_herbs_100,ocean_100,tidal_100,pond_lake_100,buildings_150,paved_150,other_built_150,barren_150,coniferous_150,deciduous_150,shrubs_150,mod_herbs_150,nat_herbs_150,non_photo_herbs_150,ocean_150,tidal_150,pond_lake_150,buildings_200,paved_200,other_built_200,barren_200,coniferous_200,deciduous_200,shrubs_200,mod_herbs_200,nat_herbs_200,non_photo_herbs_200,ocean_200,tidal_200,pond_lake_200,buildings_250,paved_250,other_built_250,barren_250,coniferous_250,deciduous_250,shrubs_250,mod_herbs_250,nat_herbs_250,non_photo_herbs_250,ocean_250,tidal_250,pond_lake_250,garbage,outdoor_eating,d2den,encounter_binary,natural_cover_100,natural_cover_150,natural_cover_200,natural_cover_250,open_100,open_150,open_200,open_250,ocean_shoreline_100,ocean_shoreline_150,ocean_shoreline_200,ocean_shoreline_250,developed_100,developed_150,developed_200,developed_250,water_100,water_150,water_200,water_250,total_land_cover_100_area,total_land_cover_150_area,total_land_cover_200_area,total_land_cover_250_area,prop_ocean_shoreline_100,prop_ocean_shoreline_150,prop_ocean_shoreline_200,prop_ocean_shoreline_250,prop_natural_cover_100,prop_natural_cover_150,prop_natural_cover_200,prop_natural_cover_250,prop_open_100,prop_open_150,prop_open_200,prop_open_250,prop_developed_100,prop_developed_150,prop_developed_200,prop_developed_250,prop_pond_lake_100,prop_pond_lake_150,prop_pond_lake_200,prop_pond_lake_250,prop_water_100,prop_water_150,prop_water_200,prop_water_250,distance2water,d2ocean,coyseason,Pandemic_Phase,Lockdown_Phase,date_minus_7,date_minus_14,date_minus_30,yearmon,weekday,sunrise,sunset,daylight_phase,hour,time_posix,time_seconds,time_radians,time_cos,precip,avg_temp,max_temp,min_temp,sightings_7_prior,sightings_14_prior,sightings_30_prior,garbage_scaled,picnic_scaled,prop_ocean_shoreline_100_scaled,prop_ocean_shoreline_150_scaled,prop_ocean_shoreline_200_scaled,prop_ocean_shoreline_250_scaled,prop_natural_cover_100_scaled,prop_natural_cover_150_scaled,prop_natural_cover_200_scaled,prop_natural_cover_250_scaled,prop_open_100_scaled,prop_open_150_scaled,prop_open_200_scaled,prop_open_250_scaled,prop_developed_100_scaled,prop_developed_150_scaled,prop_developed_200_scaled,prop_developed_250_scaled,prop_pond_lake_100_scaled,prop_pond_lake_150_scaled,prop_pond_lake_200_scaled,prop_pond_lake_250_scaled,prop_water_100_scaled,prop_water_150_scaled,prop_water_200_scaled,prop_water_250_scaled,d2den_scaled,distance2water_scaled,distance2ocean_scaled,precip_scaled,avg_temp_scaled,max_temp_scaled,min_temp_scaled,time_cos_scaled,activity_code,chronological_order,activity_category
COS1,NA,2020-12-23,17:00:00,NA,NA,"Rawlings Trail/Hollow Tree, 0.5-1km south of PP cafe",Attack,NA,NA,adult,M,running,1,shoe,1,moderate,NA,NA,NA,NA,NA,NA,NA,NA,NA,NA,NA,NA,NA,NA,NA,NA,NA,NA,NA,NA,NA,NA,NA,NA,NA,NA,NA,NA,NA,NA,NA,NA,NA,NA,NA,NA,NA,NA,NA,NA,NA,NA,NA,NA,NA,NA,NA,NA,NA,NA,NA,NA,NA,NA,NA,2,NA,NA,NA,NA,NA,NA,NA,NA,NA,NA,NA,NA,NA,NA,NA,NA,NA,NA,NA,NA,NA,NA,NA,NA,NA,NA,NA,NA,NA,NA,NA,NA,NA,NA,NA,NA,NA,NA,NA,NA,NA,NA,NA,NA,NA,NA,NA,NA,NA,NA,dispersal,Phase 4,Phase 2,2020-12-16,2020-12-09,2020-11-23,2020.9166666666667,weekday,NA,NA,NA,17,2024-08-10T00:00:00Z,61200,4.4505895925855405,0.7071067811865472,0,1.9,5.5,-1.7,3,3,9,NA,NA,NA,NA,NA,NA,NA,NA,NA,NA,NA,NA,NA,NA,NA,NA,NA,NA,NA,NA,NA,NA,NA,NA,NA,NA,NA,NA,NA,-0.35598525325645486,-1.6597894572988974,-1.5098569175557228,-1.7667118694606625,0.7499344942198861,2,1,running
COS9,20-29618,2020-12-23,NA,-123.125265,49.299522,Brockton Oval,Attack,google_earth_estimate,80,adult,M,running,1,knee,1,low,1049.8456539402011,5796.973828278502,0,387.9864373257265,410.8091689331222,1574.7684809103018,182.5818528591654,21978.29053792204,0,0,0,0,0,1049.8456539402011,10909.265708335131,0,1346.541164836345,7257.628651151826,9813.774591,273.8727792887481,39711.55299686848,114.1136580369784,0,0,0,0,1049.8456539402011,21179.49493166319,0,1346.541164836345,17390.921484835508,23872.57726133588,1802.9957969842585,56760.13350759305,114.1136580369784,0,0,1985.577649843424,0,1049.8456539402011,30194.47391658448,0,1551.9457493029058,27387.277928874813,46033.44965211708,1871.4639918064456,66140.27619823268,114.1136580369784,0,6960.933140255681,14857.598276414588,0,42.548816988871074,277.2616064823382,483.75562501164495,2,2168.1595027025896,17459.38967947755,43180.60820119263,75406.30523083532,22366.276975247765,41058.09416170482,58106.67467242939,67692.22194753558,0,0,1985.577649843424,21818.53141667027,6846.819482218703,11959.111362275333,22229.34058560339,31244.31957052468,0,0,1985.577649843424,21818.53141667027,31381.25596016906,70476.5952034577,125502.20110906885,196161.37816556584,0,0,0.01582105837424986,0.11122745782431648,0.06909090909090909,0.24773316061983883,0.34406255682851433,0.38440954043048287,0.7127272727272728,0.582577720208743,0.4629932715039098,0.3450843513670739,0.21818181818181817,0.16968911917141816,0.17712311329332606,0.1592786503781268,0,0,0,0,0,0,0.01582105837424986,0.11122745782431648,185.34417745826804,185.34417745826804,dispersal,Phase 4,Phase 2,2020-12-16,2020-12-09,2020-11-23,2020.9166666666667,weekday,08:07:42,16:18:34,NA,NA,NA,NA,NA,NA,0,1.9,5.5,-1.7,3,3,9,-0.5938724844558412,-0.10187811339796106,-0.4772992635328478,-0.5770043280939569,-0.5974493525995919,-0.19573818546924007,-2.0597572893171794,-1.41989602704898,-1.0121427795987883,-0.8135420920016008,4.019037484994084,3.8576602746375994,3.5145928738752925,2.919147641893704,0.15245015492236044,-0.099299161870909,0.09245868483220124,-0.02357043416815067,-0.31912203679886364,-0.4052778543235064,-0.4662347561907942,-0.5076036140033985,-0.6155398542105744,-0.7763908763193281,-0.8511477967636926,-0.4715154585897175,-0.8287894525975322,0.39906642294873473,-0.26369549076204624,-0.35598525325645486,-1.6597894572988974,-1.5098569175557228,-1.7667118694606625,NA,2,2,running
COS4,20-28827,2020-12-28,13:30:00,-123.1287,49.2986,Brockton Oval trail,Attack,google_earth_estimate,130,adult,F,running,2,ankle,1,low,0,1506.3002860881145,0,114.1136580369784,8581.347084380775,20791.508494337464,342.3409741109352,68.46819482218703,0,0,0,0,0,0,7759.728746514531,0,114.1136580369784,17139.871437154154,39140.98470668359,1574.7684809103018,4861.241832375279,0,0,0,0,0,319.5182425035395,20814.331225944858,0,1004.2001907254098,26771.06417547513,57307.87906617055,2624.614134850503,11593.947656557004,0,0,251.05004768135245,4450.432663442157,296.6955108961438,4564.546321479135,41628.662451889715,68.46819482218703,1460.6548228733236,36995.64793558839,69906.02691345297,2715.9050612800856,21476.19044255933,68.46819482218703,0,5272.051001308401,11662.415851379192,296.6955108961438,137.58025314522328,222.2745381262227,730.3939278106092,2,29715.196552829177,57855.62462474804,86703.55737649619,109686.04810514364,182.58185285916545,4975.3554904122575,12598.147847282413,22936.845265432657,0,0,4701.482711123509,16934.466852687594,1506.3002860881145,7759.728746514531,21133.849468448396,46261.67696819104,0,0,4998.178222019653,17231.16236358374,31404.078691776456,70590.70886167482,125433.73291424663,196115.73270235103,0,0,0.03748180494905386,0.08634935412545096,0.9462209302325582,0.8195926285160039,0.6912299854439594,0.5592924473408589,0.00581395348837209,0.0704817329453605,0.10043668122270742,0.11695566158501104,0.04796511627906975,0.10992563853863566,0.16848617176128097,0.23588967764459445,0,0,0.00236535662299854,0.00151285930408472,0,0,0.0398471615720524,0.08786221342953568,149.0590744157167,149.0590744157167,dispersal,Phase 4,Phase 2,2020-12-21,2020-12-14,2020-11-28,2020.9166666666667,weekday,08:08:59,16:22:06,day,13,2024-08-09T20:30:00Z,48600,3.5342917352885173,0.9914448613738104,0.6,5.3,6.6,4,6,7,12,0.3696987126583851,-0.39924237354141334,-0.4772992635328478,-0.5770043280939569,-0.481232836550724,-0.32836102583576293,1.4469295967486195,1.009722259643877,0.5266066685205502,-0.01342512310596988,-0.6376008018808099,-0.177572334259226,0.12351665139779046,0.39506019722714464,-1.244802496404771,-0.662717770008853,0.00505507975692154,0.78955069044971,-0.31912203679886364,-0.4052778543235064,-0.4418300061811537,-0.49129198041343813,-0.6155398542105744,-0.7763908763193281,-0.7205139408109883,-0.602989671247778,-0.37622341295039696,0.09383955825801824,-0.4602346195828406,-0.2363115312538724,-1.0981701350224833,-1.34700106510978,-0.7491847016878674,1.2592658757392468,2,3,running
COS5,20-28837,2020-12-30,18:05:00,-123.1305,49.30262,Lumberman's Arch,Attack,google_earth_estimate,125,adult,M,running,1,ankle,1,low,342.3409741109352,9631.192738320977,136.93638964437406,0,639.036485,7394.565040796199,661.8592166144748,10658.21566065378,0,0,68.46819482218703,1848.6412601990496,0,1027.0229223328056,15747.684809103015,136.93638964437406,570.5682901848919,2487.6777452061287,22320.631512032975,844.4410695,14743.484618377606,0,0,6436.010313285581,6299.073923641207,0,4724.305442730905,23050.958923469636,296.6955108961438,935.7319959032228,7211.983187937034,41286.32147777878,1027.0229223328056,17185.516900368944,0,0,19787.30830361205,9859.420054394934,0,10110.470102076286,31084.56044927291,319.5182425035395,935.7319959032228,20586.10391,59772.73407976928,1163.9593119771796,20198.117472545175,0,0,37977.025394706405,13739.284427652196,342.3409741109352,18.50842075376976,54.629551051115776,952.2664295392976,2,8695.460742410674,25652.750326739104,49525.32758804862,81522.79730174645,10658.21566065378,15314.052908562498,18121.248896272165,21133.849468448396,1917.1094550212367,12735.084236926788,29646.728358006985,51716.3098223586,10110.470102076286,16911.644121080197,28071.959877096688,41514.54879385274,1917.1094550212367,12735.084236926788,29646.728358006985,52058.650796469534,31381.255960161976,70613.5315933086,125365.26471942443,196229.8463605171,0.06109090909092287,0.18034906270193657,0.23648279628618243,0.2635496627120853,0.277090909090746,0.3632837750487186,0.3950482432186419,0.41544545243118247,0.3396363636364402,0.21687136393010645,0.14454760604405606,0.10769946499178772,0.3221818181818909,0.23949579831923828,0.2239213544511197,0.21156082809941887,0,0,0,0.00174459176552571,0.06109090909092287,0.18034906270193657,0.23648279628618243,0.265294254477611,76.26558115879662,76.26558115879662,dispersal,Phase 4,Phase 2,2020-12-23,2020-12-16,2020-11-30,2020.9166666666667,weekday,08:09:10,16:23:48,night,18,2024-08-10T01:05:00Z,65100,4.734205596034618,0.480988768919388,35.6,4.7,6.1,3.3,4,7,12,-0.8376300694853347,-1.305848763711029,-0.11367998162914177,0.4223306772420421,0.5864682153776436,0.6162772200308408,-1.2281920085487037,-0.9289644230172398,-0.7861590313316152,-0.6715478841306315,1.5613819783361371,0.9759540108909877,0.536096403974208,0.29264673214022335,1.0061517841616998,0.5588014304600984,0.5660447306792611,0.5313332743847186,-0.31912203679886364,-0.4052778543235064,-0.4662347561907942,-0.4887934433771656,-0.2841812499415109,0.1904275610206252,0.348626192690296,0.3954051027576327,0.03089891263502045,-0.5184924417541904,-0.854522317533153,6.744655585563442,-1.1972794271889091,-1.4210264525852083,-0.874144178431895,0.344892019787357,2,4,running
COS6,20-28837,2020-12-30,18:00:00,-123.1305,49.30262,Lumberman's Arch,Attack,google_earth_estimate,125,adult,M,running,NA,NA,NA,NA,342.3409741109352,9631.192738320977,136.93638964437406,0,639.036485,7394.565040796199,661.8592166144748,10658.21566065378,0,0,68.46819482218703,1848.6412601990496,0,1027.0229223328056,15747.684809103015,136.93638964437406,570.5682901848919,2487.6777452061287,22320.631512032975,844.4410695,14743.484618377606,0,0,6436.010313285581,6299.073923641207,0,4724.305442730905,23050.958923469636,296.6955108961438,935.7319959032228,7211.983187937034,41286.32147777878,1027.0229223328056,17185.516900368944,0,0,19787.30830361205,9859.420054394934,0,10110.470102076286,31084.56044927291,319.5182425035395,935.7319959032228,20586.10391,59772.73407976928,1163.9593119771796,20198.117472545175,0,0,37977.025394706405,13739.284427652196,342.3409741109352,18.50842075376976,54.629551051115776,952.2664295392976,2,8695.460742410674,25652.750326739104,49525.32758804862,81522.79730174645,10658.21566065378,15314.052908562498,18121.248896272165,21133.849468448396,1917.1094550212367,12735.084236926788,29646.728358006985,51716.3098223586,10110.470102076286,16911.644121080197,28071.959877096688,41514.54879385274,1917.1094550212367,12735.084236926788,29646.728358006985,52058.650796469534,31381.255960161976,70613.5315933086,125365.26471942443,196229.8463605171,0.06109090909092287,0.18034906270193657,0.23648279628618243,0.2635496627120853,0.277090909090746,0.3632837750487186,0.3950482432186419,0.41544545243118247,0.3396363636364402,0.21687136393010645,0.14454760604405606,0.10769946499178772,0.3221818181818909,0.23949579831923828,0.2239213544511197,0.21156082809941887,0,0,0,0.00174459176552571,0.06109090909092287,0.18034906270193657,0.23648279628618243,0.265294254477611,76.26558115879662,76.26558115879662,dispersal,Phase 4,Phase 2,2020-12-23,2020-12-16,2020-11-30,2020.9166666666667,weekday,08:09:10,16:23:48,night,18,2024-08-10T01:00:00Z,64800,4.71238898038469,0.4999999999999999,35.6,4.7,6.1,3.3,4,7,12,-0.8376300694853347,-1.305848763711029,-0.11367998162914177,0.4223306772420421,0.5864682153776436,0.6162772200308408,-1.2281920085487037,-0.9289644230172398,-0.7861590313316152,-0.6715478841306315,1.5613819783361371,0.9759540108909877,0.536096403974208,0.29264673214022335,1.0061517841616998,0.5588014304600984,0.5660447306792611,0.5313332743847186,-0.31912203679886364,-0.4052778543235064,-0.4662347561907942,-0.4887934433771656,-0.2841812499415109,0.1904275610206252,0.348626192690296,0.3954051027576327,0.03089891263502045,-0.5184924417541904,-0.854522317533153,6.744655585563442,-1.1972794271889091,-1.4210264525852083,-0.874144178431895,0.378946609254567,2,5,running
COS7,20-29101,2021-01-06,06:45:00,-123.1214,49.29839,seawall between runner statue and naval building,Attack,google_earth_estimate,150,adult,F,running,1,knee,1,low,0,9676.838201535767,0,205.4045844665611,2327.918623954359,2054.045844665611,0,6618.592166144746,45.64546321479136,0,5386.164659,4975.3554904122575,0,616.2137533996834,14309.85271783709,0,319.5182425035395,5888.264754708084,8809.574400454732,0,17573.50333769467,410.8091689331222,0,13784.92989086699,8946.510790099106,0,616.2137533996834,21247.963126485374,0,958.5547275106184,8444.410694736402,15884.621198747393,0,30468.346695873228,410.8091689331222,0,22320.631512032975,15884.621198747393,0,958.5547275106184,26908.000565119502,0,1300.8957016215536,11365.720340483049,24009.513650980258,182.5818528591654,41126.562356527014,410.8091689331222,0,33983.047363412166,27181.873344408257,0,26.95119547745485,109.07854535711937,207.8949040046908,2,4427.6099318347615,15108.648324095935,24739.841062416916,35968.62501325559,6823.996750611307,17893.02158019821,31426.90142338385,42427.45805814856,10361.520149412258,22731.440680966098,38205.25271078037,61164.92070782042,9676.838201535767,14926.066471236772,21864.176879885057,27866.55529263012,10361.520149412258,22731.440680966098,38205.25271078037,61164.92070782042,31289.96503339409,70659.177056497,116236.17207646616,167427.5590718547,0.3311451495185107,0.32170542635658916,0.3286864323581387,0.3653217011995638,0.1415025528826706,0.21382428940568476,0.21284115452581975,0.2148309705561614,0.21808898614390984,0.2532299741602067,0.2703710975849205,0.25340785169029445,0.30926331145490893,0.2112403100775194,0.1881013155311211,0.16643947655398036,0,0,0,0,0.3311451495185107,0.32170542635658916,0.3286864323581387,0.3653217011995638,3.088331131391825,3.088331131391825,breeding,Phase 4,Phase 2,2020-12-30,2020-12-23,2020-12-07,2021,weekday,08:08:05,16:31:07,night,6,2024-08-09T13:45:00Z,24300,1.7671458676442586,-0.32143946530316136,0.2,6.7,9.9,3.5,5,9,12,-0.7520245595982448,-1.0113943512208046,1.4937102248773897,1.2056026294814857,1.0811688626667335,1.158814423729207,-1.7702620542178995,-1.5639622149991652,-1.5937551191549244,-1.589390879710926,0.7607149710850365,1.2624539118152478,1.7129528226160255,1.9048100676666364,0.9001080318525059,0.2924235741363359,0.20355524016590257,0.05243192790762328,-0.31912203679886364,-0.4052778543235064,-0.4662347561907942,-0.5076036140033985,1.1805996399916463,0.9482132493361648,0.8499524549549627,0.9582509082525,-1.3349768232675383,-1.134052567527032,-1.2508886432129145,-0.3160940125889274,-0.8669151199674893,-0.858433507771951,-0.8384414707907443,-1.0924880203308844,2,6,running
COS2,NA,2021-01-19,07:15:00,-123.1215,49.29992,seawall between girl in wetsuit and lighthouse,Aggression to Human,NA,425,adult,F,running,1,NA,1,low,616.2137533996834,5021.000953627049,0,251.05004768135245,3195.1824250353948,3195.1824250353948,0,4861.241832375279,410.8091689331222,0,6184.960265604229,7668.437820084947,0,616.2137533996834,11114.670292801697,0,251.05004768135245,4678.659979516114,7463.033235618386,0,14880.42100802198,410.8091689331222,0,19513.435524323304,11639.593119771796,0,616.2137533996834,18098.426164664772,0,319.5182425035395,6983.755871863077,12575.32511567502,0,29738.01928443657,410.8091689331222,0,35740.39769718163,16592.12587857666,0,958.5547275106184,25492.99120546097,0,319.5182425035395,10338.697418150245,21430.54497934454,182.5818528591654,45052.07219299907,410.8091689331222,0,53245.43284005412,23119.42711829182,0,48.65049515964249,61.23769243912247,232.3636899121233,1,6801.174019003912,12552.50238406762,19969.890156471218,32362.633419287075,5112.291880056631,15131.471055703332,30057.53752694011,45371.59043550261,13853.398085689176,31153.028644095102,52332.523575758285,76364.85995834594,5637.214707026733,11730.88404620138,18714.639918064455,26451.54593297159,13853.398085689176,31153.028644095102,52332.523575758285,76364.85995834594,31404.078691776456,70567.88613006743,121074.59117723406,180550.6297461072,0.4411337209302325,0.4414618369987064,0.4322337417530631,0.4229553785867779,0.21656976744186043,0.1778783958602846,0.1649387370405278,0.17924409050688916,0.16279069767441856,0.21442432082794305,0.24825636192271444,0.25129566426494754,0.17950581395348836,0.166235446313066,0.15457115928369464,0.1465048666413854,0,0,0,0,0.4411337209302325,0.4414618369987064,0.4322337417530631,0.4229553785867779,11.995815122797554,11.995815122797554,breeding,Phase 4,Phase 2,2021-01-12,2021-01-05,2020-12-20,2021,weekday,07:59:55,16:48:57,night,7,2024-08-09T14:15:00Z,26100,1.8980455615438336,-0.19509032201612797,0,4.5,7.8,1.2,11,19,27,-0.5320045218403677,-1.2701126327712644,2.1483733482370524,1.869186745057681,1.6367317793258611,1.4660541590555267,-1.4701500861819907,-1.7166829535587946,-1.8060729012782093,-1.7522064864532605,0.39644948014347686,0.9566717115431757,1.506108549802457,1.881440162872137,-0.1650283818292708,-0.13185856996115983,-0.13576123244063917,-0.15914665300043226,-0.31912203679886364,-0.4052778543235064,-0.4662347561907942,-0.5076036140033985,1.7771803759943392,1.5902055284410912,1.412956125938272,1.282550634334767,-1.2900781136695951,-1.0591236522696823,-1.202641043044794,-0.35598525325645486,-1.2303158579110514,-1.1693401351687511,-1.2490226086639773,-0.8661603203555961,2,7,running
COS8,20-29618,2021-01-19,07:30:00,-123.125265,49.299522,Brockton Oval,Attack,google_earth_estimate,80,adult,M,running,1,ankle,1,low,1049.8456539402011,5796.973828278502,0,387.9864373257265,410.8091689331222,1574.7684809103018,182.5818528591654,21978.29053792204,0,0,0,0,0,1049.8456539402011,10909.265708335131,0,1346.541164836345,7257.628651151826,9813.774591,273.8727792887481,39711.55299686848,114.1136580369784,0,0,0,0,1049.8456539402011,21179.49493166319,0,1346.541164836345,17390.921484835508,23872.57726133588,1802.9957969842585,56760.13350759305,114.1136580369784,0,0,1985.577649843424,0,1049.8456539402011,30194.47391658448,0,1551.9457493029058,27387.277928874813,46033.44965211708,1871.4639918064456,66140.27619823268,114.1136580369784,0,6960.933140255681,14857.598276414588,0,42.548816988871074,277.2616064823382,483.75562501164495,2,2168.1595027025896,17459.38967947755,43180.60820119263,75406.30523083532,22366.276975247765,41058.09416170482,58106.67467242939,67692.22194753558,0,0,1985.577649843424,21818.53141667027,6846.819482218703,11959.111362275333,22229.34058560339,31244.31957052468,0,0,1985.577649843424,21818.53141667027,31381.25596016906,70476.5952034577,125502.20110906885,196161.37816556584,0,0,0.01582105837424986,0.11122745782431648,0.06909090909090909,0.24773316061983883,0.34406255682851433,0.38440954043048287,0.7127272727272728,0.582577720208743,0.4629932715039098,0.3450843513670739,0.21818181818181817,0.16968911917141816,0.17712311329332606,0.1592786503781268,0,0,0,0,0,0,0.01582105837424986,0.11122745782431648,185.34417745826804,185.34417745826804,breeding,Phase 4,Phase 2,2021-01-12,2021-01-05,2020-12-20,2021,weekday,07:59:56,16:48:58,night,7,2024-08-09T14:30:00Z,27000,1.9634954084936207,-0.13052619222005138,0,4.5,7.8,1.2,11,19,27,-0.5938724844558412,-0.10187811339796106,-0.4772992635328478,-0.5770043280939569,-0.5974493525995919,-0.19573818546924007,-2.0597572893171794,-1.41989602704898,-1.0121427795987883,-0.8135420920016008,4.019037484994084,3.8576602746375994,3.5145928738752925,2.919147641893704,0.15245015492236044,-0.099299161870909,0.09245868483220124,-0.02357043416815067,-0.31912203679886364,-0.4052778543235064,-0.4662347561907942,-0.5076036140033985,-0.6155398542105744,-0.7763908763193281,-0.8511477967636926,-0.4715154585897175,-0.8287894525975322,0.39906642294873473,-0.26369549076204624,-0.35598525325645486,-1.2303158579110514,-1.1693401351687511,-1.2490226086639773,-0.7505073715702155,2,8,running
COS10,20-29805,2021-01-20,18:00:00,-123.139468,49.312804,"seawall, 100 yards SE of Lions Gate Bridge",Attack,google_earth_estimate,20,adult,M,running,1,knee,1,NA,0,4861.241832375279,0,0,570.5682901848919,8147.715183840257,0,0,0,0,12666.61604,5043.823685234444,0,0,10932.08843994253,0,0,2807.1959877096683,16888.821389472803,68.46819482218703,136.93638964437406,0,114.1136580369784,30628.105817124997,8741.106205632545,0,0,16569.30314696926,0,0,2898.486914139251,35580.638575929865,639.036485,228.2273160739568,0,319.5182425035395,47083.29530605728,11867.820435845751,0,890.0865326884315,23575.881750439738,0,45.64546321479136,4039.623494509035,56463.437996696906,1072.668385547597,661.8592166144748,0,319.5182425035395,63036.38469962687,14994.53466605896,0,231.2354989136029,233.6676405909862,532.79370329345,2,8718.28347402515,19764.485572004654,39118.16197506911,61575.72987675354,0,251.05004768135245,547.7455585774964,1027.0229223328056,17710.439725234446,39369.21202275754,58951.115741903035,78030.91936568583,4861.241832375279,10932.08843994253,16569.30314696926,24465.968283128168,17710.439725234446,39369.21202275754,58951.115741903035,78030.91936568583,31289.96503163487,70316.83608238607,115186.3264225189,165099.64044790034,0.5660102114952441,0.5598831548198637,0.5117891816921257,0.4726292507602986,0.27862873816607864,0.2810775722168128,0.3396076877352477,0.3729610174177495,0,0.0035702693930542,0.00475530017832405,0.00622062482720486,0.15536105033867734,0.15546900357026944,0.1438478303943025,0.14818910699474702,0,0,0,0,0.5660102114952441,0.5598831548198637,0.5117891816921257,0.4726292507602986,2.93742199830598,2.93742199830598,breeding,Phase 4,Phase 2,2021-01-13,2021-01-06,2020-12-21,2021,weekday,07:59:06,16:50:31,night,18,2024-08-10T01:00:00Z,64800,4.71238898038469,0.4999999999999999,0,5.6,7.2,3.9,11,19,28,1.3193160280548384,-0.33762967829401985,2.891650875149011,2.525372956972114,2.0635709942404317,1.7308609184210448,-1.2220439063044544,-1.278228018170737,-1.0318880863115936,-0.8659208961575409,-0.675898960474302,-0.7048237214028027,-0.7714135881594648,-0.8301470146850736,-0.3632247667864677,-0.23335891968168584,-0.24427853568546487,-0.1412707484587945,-0.31912203679886364,-0.4052778543235064,-0.4662347561907942,-0.5076036140033985,2.454513554291883,2.2250406183955675,1.8455120754275776,1.5620612237959923,-0.7388076102476346,-1.1353220009220804,-1.251706046143065,-0.35598525325645486,-1.0486154889392705,-1.2581706001392656,-0.7670360555084428,0.378946609254567,2,9,running
COS11,20-29742,2021-01-21,17:00:00,-123.1537,49.306913,Stanley Park Dr. near Hollow Tree (PP side),Attack,google_earth_estimate,100,adult,F,running,1,calf,1,low,0,4130.914420938618,22.82273160739568,0,11160.315756016487,12461.21145763804,68.46819482218703,3446.2324727167475,0,0,0,22.82273160739568,0,0,8239.00611,22.82273160739568,0,35900.15682,21544.65863738152,68.46819482218703,4884.064563982675,22.82273160739568,0,0,22.82273160739568,0,0,14766.307349985003,22.82273160739568,0,69586.50867094942,31860.533323924366,251.05004768135245,4884.064563982675,45.64546321479136,0,0,4039.623494509035,0,0,21886.999611492454,22.82273160739568,502.1000953627049,102496.8876,44892.313071747296,1323.7184332289494,4929.710027197467,45.64546321479136,0,6367.542118463394,13807.752622474383,0,22.452338373746144,409.37602298853096,632.9351266318941,2,23689.995408476716,57536.10638381109,101743.73750576992,148758.56456819104,3446.2324727167475,4884.064563982675,4884.064563982675,5431.810122560171,22.82273160739568,22.82273160739568,4039.623494509035,20175.294740937778,4153.737152546013,8261.828841607396,14789.1300815924,21909.82234309985,22.82273160739568,22.82273160739568,4039.623494509035,20175.294740937778,31312.78776534687,70704.82252100855,125456.55564585404,196275.4917747888,7.28862973760933e-4,3.227888960560555e-4,0.03219938148080771,0.1027906976999828,0.7565597667638484,0.8137508069794726,0.8109878115335637,0.7579069766839772,0.11005830903790088,0.06907682375599587,0.038930325632163,0.02767441861153383,0.13265306122448978,0.11684958036847563,0.11788248135346552,0.1116279070045062,0,0,0,0,7.28862973760933e-4,3.227888960560555e-4,0.03219938148080771,0.1027906976999828,172.50009452869875,172.50009452869875,breeding,Phase 4,Phase 2,2021-01-14,2021-01-07,2020-12-22,2021,weekday,07:58:09,16:52:09,night,17,2024-08-10T00:00:00Z,61200,4.4505895925855405,0.7071067811865472,0.2,4.4,7.6,1.2,8,18,29,-0.7976407188440574,0.6125827024472724,-0.4729609972495502,-0.5752157175055242,-0.5095746506084373,-0.2407137633799944,0.6886813340041146,0.9849025316695036,1.057409023851738,0.8952677732105855,0.04908629826489413,-0.18864278885067584,-0.4517666162779409,-0.5927755048446309,-0.5496271447049056,-0.5974424944176142,-0.5070411241303269,-0.5293178105356564,-0.31912203679886364,-0.4052778543235064,-0.4662347561907942,-0.5076036140033985,-0.6115864833853119,-0.7746604639101914,-0.7620961730428466,-0.5189883793086406,-0.5550542886808386,0.29102320869018344,-0.3332657732694233,-0.3160940125889274,-1.246834073272122,-1.1989502901589226,-1.2490226086639773,0.7499344942198861,2,10,running
COS12,20-30816,2021-02-17,19:00:00,-123.136353,49.309046,4.1km mark on seawall,Attack,google_earth_estimate,100,adult,M,running,1,calf,1,low,0,5865.442023100689,0,0,2761.550524494877,8056.424257410676,45.64546321479136,547.7455585774962,22.82273160739568,0,7394.565040796199,6595.769434537352,0,0,11365.720340483049,0,0,7691.260551692343,17185.516900368944,114.1136580369784,958.5547275106184,22.82273160739568,0,21955.46780631464,11365.720340483049,0,0,16067.203051606555,0,0,18646.171723242267,27159.050612800856,205.4045844665611,1711.7048705546758,45.64546321479136,0,41035.271430097426,16592.12587857666,0,0,21727.240490240685,0,0,29395.67831032563,43066.49454315564,433.6319005405179,2647.4368664578988,45.64546321479136,0,57125.29721331138,22868.37707061047,0,379.0230631298473,626.5255797190721,687.4100316735817,2,10886.442976727738,25013.713841705663,46056.27238372448,72941.45021723659,547.7455585774962,958.5547275106184,1711.7048705546758,2647.4368664578988,13990.334475333551,33321.188146797685,57627.39730867409,79993.67428392185,5865.442023100689,11365.720340483049,16067.203051606555,21727.240490240685,13990.334475333551,33321.188146797685,57627.39730867409,79993.67428392185,31289.96503373947,70659.17705649702,121462.5776145598,177309.801857857,0.4471188913202043,0.4715762273901808,0.474445697106351,0.45115201441626984,0.3479212253829322,0.35400516795865633,0.3791807591131154,0.4113785557986871,0.0175054704595186,0.01356589147286821,0.01409244644870349,0.01493113656841292,0.187454412837345,0.16085271317829458,0.1322810973318301,0.1225382932166302,0,0,0,0,0.4471188913202043,0.4715762273901808,0.474445697106351,0.45115201441626984,4.9630414728042,4.9630414728042,breeding,Phase 4,Phase 2,2021-02-10,2021-02-03,2021-01-18,2021.0833333333333,weekday,07:18:54,17:37:03,night,19,2024-08-10T02:00:00Z,68400,4.974188368183839,0.25881904510252096,0,3.7,7.6,-0.2,7,12,32,2.817807957989999,1.7869045786284454,2.1839976889394275,2.0360540635326956,1.8632118025248705,1.6163677833474863,-0.9450187784790984,-0.9683857751616562,-0.8564884470483959,-0.6901545796841976,-0.5605854676413805,-0.6260598545382697,-0.6840810846219615,-0.7337711781184068,-0.099780960508947,-0.1826041419837394,-0.3613308701087745,-0.41351900423639054,-0.31912203679886364,-0.4052778543235064,-0.4662347561907942,-0.5076036140033985,1.8096440884557448,1.7516432837780809,1.6424694369277852,1.441210669413047,-0.4550962053049348,-1.1182826809418531,-1.2407342297926067,-0.35598525325645486,-1.3624615807996192,-1.1989502901589226,-1.498941562152032,-0.05307793305502883,2,11,running
COS13,21-0221,2021-04-06,21:15:00,-123.147879,49.312891,"seawall, 500m W of PP lighthouse",Attack,google_earth_estimate,50,adult,F,walking,1,calf,1,low,0,2875.664182531855,0,0,10270.229223328057,4062.446226116431,22.82273160739568,0,0,0,5728.505633456315,8284.651573,0,0,5112.291880056632,0,0,19969.890156471218,12643.793310497203,45.64546321479136,0,0,0,20517.635715048713,12301.45233638627,0,0,10293.05195493545,0,0,31244.319570524684,24123.627309017233,136.93638964437406,0,0,0,33846.11097376779,16158.49397803614,0,0,14994.53466605896,0,91.29092643,49297.10027197466,35991.447744862984,775.9728747,91.29092643,0,0,43979.40380745147,20905.622152374443,0,254.8920783358951,264.9965360390092,158.83678249020988,2,14355.498181051882,32659.328930183212,55504.88326918629,86064.52089153766,0,0,0,182.58185286,14013.157206456315,32819.088051434985,50004.60495180393,64885.025959825914,2875.664182531855,5112.291880056632,10293.05195493545,14994.53466605896,14013.157206456315,32819.088051434985,50004.60495180393,64885.025959825914,31244.31957004005,70590.70886167482,115802.54017592568,166126.6633702825,0.44850255660211047,0.46492078887811195,0.4318092234923137,0.3905756285202851,0.4594594594665862,0.4626576139670223,0.47930626724477726,0.518065668361177,0,0,0,0.00109905206759639,0.09203798393130344,0.07242159715486585,0.08888450926290893,0.09025965105094172,0,0,0,0,0.44850255660211047,0.46492078887811195,0.4318092234923137,0.3905756285202851,9.22672148682819,9.22672148682819,breeding,Phase 5,Phase 2,2021-03-30,2021-03-23,2021-03-07,2021.25,weekday,06:39:40,19:52:17,night,21,2024-08-10T04:15:00Z,76500,5.563236990731925,-0.32143946530316114,0,7.3,12.8,1.7,16,23,44,1.5591819027119602,-0.1682063194111887,2.1922334049189196,1.9991755093482255,1.6344541092975895,1.2934407446186291,-0.4990989566412793,-0.5067619243106513,-0.4127023724310007,-0.20204415979351775,-0.675898960474302,-0.7329568601809217,-0.8158910181599802,-0.886813703613256,-0.8830228914053925,-1.016286112619751,-0.8004930701905487,-0.7561125805842448,-0.31912203679886364,-0.4052778543235064,-0.4662347561907942,-0.5076036140033985,1.81714912322132,1.7159646915766618,1.410647950664593,1.1003525766500868,-1.4249954437104204,-1.0824170067780268,-1.2176399049799085,-0.35598525325645486,-0.7678058278010633,-0.429086260414465,-1.1597658395611006,-1.0924880203308842,1,12,walking
COS3,21-0574,2021-04-14,05:30:00,-123.1168,49.29927,seawall between 9 o'clock gun and Brockton Point,Attack,google_earth_estimate,115,adult,M,walking,1,calf,1,moderate,0,3628.814325575913,0,0,1529.1230176955105,10019.179175646705,0,753.1501430440574,0,0,9790.951859572746,5500.278317382358,0,0,7919.487868,0,0,5728.505633456315,17253.985095191132,0,3126.714230213208,0,0,25858.154911179303,10156.115565291077,0,22.82273160739568,11981.934093882732,0,0,8079.246989,21841.354148277664,0,4678.659979516114,0,0,44276.09931834762,18874.399039316224,0,22.82273160739568,14652.193691948023,0,0,10247.40649172066,25561.459400283162,0,6276.251192033811,0,0,66939.07180449153,22708.61795,0,156.52685394808557,120.60984841491567,140.7862690017805,2,11548.302193342215,22982.490728647448,29920.601137277663,35808.86589200382,753.1501430440574,3126.714230213208,4678.659979516114,6276.251192033811,15291.230176955103,36014.27047647038,63150.49835766384,89647.68975449153,3628.814325575913,7919.487868,12004.756825490129,14675.016423555418,15291.230176955103,36014.27047647038,63150.49835766384,89647.68975449153,31221.49683891729,70042.96330333104,109754.51629994776,146407.82326208457,0.489766081871345,0.5141739980432503,0.5753794967769714,0.6123148869853303,0.36988304093567254,0.3281199087639753,0.2726138490329432,0.2445830085725842,0.02412280701754386,0.04463994786560537,0.04262840507382694,0.04286827747448097,0.11622807017543858,0.1130661453271691,0.1093782491162584,0.1002338269676046,0,0,0,0,0.489766081871345,0.5141739980432503,0.5753794967769714,0.6123148869853303,2.045920743542262,2.045920743542262,breeding,Phase 5,Phase 2,2021-04-07,2021-03-31,2021-03-15,2021.25,weekday,06:23:09,20:04:18,night,5,2024-08-09T12:30:00Z,19800,1.4398966328953218,-0.6087614290087207,0.6,8.2,14.8,1.6,14,25,49,0.5618077615716592,-0.9490342817574876,2.437838088995292,2.2720932351542387,2.4047524418922377,2.4755119601084927,-0.8572174163814336,-1.078362618469951,-1.328824733685721,-1.453270598451149,-0.516995197187269,-0.38120137338368026,-0.4171776180370512,-0.424665880278611,-0.684454467962663,-0.6331107266287075,-0.5931017456097584,-0.6502503642967064,-0.31912203679886364,-0.4052778543235064,-0.4662347561907942,-0.5076036140033985,2.0409635064724343,1.9800021642732448,2.191263027731012,2.3480602372036405,-1.4581170201661031,-1.1428212253983143,-1.256534884020373,-0.2363115312538724,-0.6191418895514244,-0.13298471051275065,-1.177617193381676,-1.6071643964906597,1,13,walking
COS14,21-0803,2021-04-18,23:50:00,-123.135656,49.306903,seawall,Attack,COS,0,adult,M,scooter_collision,1,arm and leg,4,moderate,0,6162.137533996834,0,0,5979.555681137668,11137.49302440909,0,342.3409741109352,22.82273160739568,0,228.2273160739568,7554.324162047969,0,0,12757.906968534184,0,0,9699.660933143165,27432.923392089604,68.46819482218703,593.3910217922876,22.82273160739568,0,5956.732949530272,14081.625401763133,0,0,18920.04450253102,0,0,22594.50429132172,43728.35375977012,228.2273160739568,1620.4139441250932,45.64546321479136,0,18920.04450253102,19308.030939856744,0,0,25264.763889387017,0,0,46992.00438,58608.774770000004,319.5182425035395,1620.4139441250932,45.64546321479136,0,39323.56655954275,24077.98184580244,0,161.92622873542413,562.4761329777476,813.8953613840424,2,17139.871437154157,37223.87525166235,66596.73083038059,105965.94285571834,342.3409741109352,593.3910217922876,1620.4139441250932,1620.4139441250932,7782.551478121926,20038.35835129341,38228.075442387766,63401.54840534519,6162.137533996834,12757.906968534184,18920.04450253102,25264.763889387017,7782.551478121926,20038.35835129341,38228.075442387766,63401.54840534519,31426.90142338385,70613.53159328223,125365.26471942446,196252.66909457563,0.2476397966594045,0.2837750484809308,0.30493355179319137,0.3230608210214533,0.5453885257806828,0.5271493212669683,0.5312215547059894,0.5399465054136541,0.01089324618736383,0.00840336134453781,0.01292554159839796,0.00825677404338487,0.19607843137254904,0.18067226890756305,0.15091935190242126,0.12873589952150785,0,0,0,0,0.2476397966594045,0.2837750484809308,0.30493355179319137,0.3230608210214533,11.123001842256226,11.123001842256226,breeding,Phase 5,Phase 2,2021-04-11,2021-04-04,2021-03-19,2021.25,weekend,06:15:17,20:10:28,night,23,2024-08-10T06:50:00Z,85800,6.239552075879728,-0.8433914458128857,0,12.4,18.5,6.3,9,17,45,0.6165547193987977,1.4405319329823325,0.9966779021703864,0.9954260208044924,0.953727409259303,0.9335256302804568,-0.1555622828157471,-0.23276063519595744,-0.18259835533328891,-0.10193586831652796,-0.6041420620202644,-0.666739747441896,-0.6949954174401725,-0.8076184205089644,-0.02898924248886267,0.00424418720764109,-0.17271657467371693,-0.34773990182293696,-0.31912203679886364,-0.4052778543235064,-0.4662347561907942,-0.5076036140033985,0.7276645374675225,0.7448754103917756,0.7208041551812849,0.7204525846494808,-0.22300344399857633,-1.066465675269249,-1.2073686570625812,-0.35598525325645486,0.07462315561355785,0.41480315680542096,-0.33860356381463436,-2.0274543222229826,3,14,wheels
COS15,21-1786,2021-05-04,07:30:00,-123.141047,49.308412,top of slope on Chickadee Trail beside Stanley Park Dr.,Attack,google_earth_estimate,80,adult,F,running,1,ankle,1,high,0,5340.519196130588,0,0,17139.871437154154,8832.397132062128,45.64546321479136,0,0,0,0,0,0,0,8626.992547595566,0,0,37086.938862017974,24671.372867594728,114.1136580369784,0,0,0,0,0,0,0,14104.448133370528,0,0,60366.12510156157,50712.10963,365.1637057183308,0,0,0,0,0,0,159.75912125176976,24876.777452061287,0,0,86908.96196096274,83485.55221985339,479.2773637553093,136.93638964437406,0,0,0,0,0,436.1120347888944,509.8213041980541,389.3664408466063,2,26017.914032431072,61872.42538764968,111443.39843727987,170873.79154457143,0,0,0,136.93638964437406,0,0,0,0,5340.519196130588,8626.992547595566,14104.448133370528,25036.536573313057,0,0,0,0,31358.433228561666,70499.41793524525,125547.84657065042,196047.2645075289,0,0,0,0,0.8296943231441047,0.8776303010683069,0.8876567896731431,0.8715948777648429,0,0,0,6.984866123399302e-4,0.17030567685589518,0.1223696989316931,0.1123432103268568,0.12770663562281723,0,0,0,0,0,0,0,0,349.5922853752299,349.5922853752299,pup-rearing,Phase 5,Phase 2,2021-04-27,2021-04-20,2021-04-04,2021.3333333333333,weekday,05:46:24,20:34:43,day,7,2024-08-09T14:30:00Z,27000,1.9634954084936207,-0.13052619222005138,0,12.2,15.1,9.2,7,14,32,3.396661556214307,1.155780178230666,-0.4772992635328478,-0.5770043280939569,-0.6823341592294724,-0.7886813439174926,0.9810667085727368,1.2563027544443428,1.3972287709710185,1.4154079082298734,-0.675898960474302,-0.7329568601809217,-0.8158910181599802,-0.8912456855675902,-0.24054926672768517,-0.5454017249591772,-0.5630971082328391,-0.3586641283826584,-0.31912203679886364,-0.4052778543235064,-0.4662347561907942,-0.5076036140033985,-0.6155398542105744,-0.7763908763193281,-0.9371694809155408,-1.0973827594545935,-1.0019877708567797,1.780706016257485,0.6259583157217758,-0.35598525325645486,0.04158672489141567,-0.08856947802749363,0.17908569698205076,-0.7505073715702155,2,15,running
COS16,21-2712,2021-05-13,08:07:00,-123.144752,49.31244,Prospect Point Dr. sidewalk between PP trail and PP Lane,Attack,google_earth_estimate,100,adult,M,running,1,calf,1,NA,0,6207.782997211623,0,0,17596.326069302067,6915.287677040889,639.036485,0,0,0,0,0,0,205.4045844665611,12803.552431748974,0,0,36790.24335112183,15998.734856784373,1027.0229223328056,68.46819482218703,0,0,68.46819482218703,3514.7006675389343,0,890.0865326884315,20380.69932540434,0,114.1136580369784,53108.496450409744,31449.724154991243,1392.1866280511365,228.2273160739568,0,0,10224.583760113264,7805.374209729321,0,890.0865326884315,31814.887860709576,0,479.2773637553093,69632.15413416422,50461.05958395184,1780.173065376863,296.6955108961438,0,0,25972.26856921628,11890.643167453149,0,84.11339370893158,158.06855532705538,255.4339932400657,2,25150.650231342956,53816.00113023901,85950.40723345212,121873.38678349293,0,68.46819482218703,342.34097411093524,775.9728746514531,0,3583.1688623611212,18029.957969842584,37862.911736669426,6207.782997211623,13008.957016215536,21270.78585809277,32704.974393398006,0,3583.1688623611212,18029.957969842584,37862.911736669426,31358.43322855458,70476.59520363786,125593.4920354984,193217.24578821185,0,0.05084196891191709,0.14355805924041432,0.1959603118355776,0.8020378457059233,0.7636010362694301,0.6843539887334181,0.6307583274273564,0,9.71502590673575e-4,0.00272578593494457,0.00401606425702811,0.1979621542940767,0.1845854922279793,0.16936216609122298,0.1692652964800378,0,0,0,0,0,0.05084196891191709,0.14355805924041432,0.1959603118355776,121.0313068718312,121.0313068718312,pup-rearing,Phase 5,Phase 2,2021-05-06,2021-04-29,2021-04-13,2021.3333333333333,weekday,05:32:46,20:47:48,day,8,2024-08-09T15:07:00Z,29220,2.1249383643030963,0.03053851320982304,0,13.2,17.6,8.8,14,21,33,-0.17242848058115384,-0.7464615496612872,-0.4772992635328478,-0.29528310086554505,0.08789864129018829,0.2559647219291165,0.8704986007555908,0.7718347994190746,0.4961302030704008,0.3135425855424866,-0.675898960474302,-0.725301578688748,-0.7903961075188995,-0.8545389649544852,-0.01352638357403042,0.0411359949333186,0.01391991485837075,0.08242413605608509,-0.31912203679886364,-0.4052778543235064,-0.4662347561907942,-0.5076036140033985,-0.6155398542105744,-0.503836352340766,-0.1566208136070072,0.00526899438563263,-1.2477455331575755,-0.1419273789797844,-0.6120476931024926,-0.35598525325645486,0.2067688785021257,0.28155745934964965,0.1076802816997496,-0.4619941028705785,2,16,running
COS17,21-2681,2021-05-13,09:55:00,-123.1545,49.3089,Seawall near Siwash Rock,Attack,google_earth_estimate,250,adult,F,running,1,calf,1,NA,0,3240.8278882501863,0,296.6955108961438,10612.57019743899,2533.3232084209203,1871.4639918064456,205.4045844665611,0,0,8375.942499914214,4199.382615760805,0,0,8307.474305092026,0,661.8592166144748,20471.99025183392,7896.665136158905,3651.637057183309,319.5182425035395,22.82273160739568,0,23073.78165507703,6070.8466075672495,0,0,12712.261505319391,0,867.2638010810358,31586.660544635615,18281.008017523935,4062.446226116431,319.5182425035395,22.82273160739568,0,45622.64048318396,12027.579557097522,0,0,17847.37611698342,22.82273160739568,958.5547275106184,43637.06283334053,33321.18814679769,4313.496273797783,639.036485,45.64546321479136,0,75429.12796244271,19924.244693256427,0,220.2526016023055,481.20772476899293,496.47817042973674,2,15017.357397666356,32043.115176783533,53952.93751988338,81317.3927171508,502.1000953627049,981.3774591180144,1186.7820435845754,1597.5912125106183,12575.32511567502,29144.628262644277,57650.220040281485,95353.37265569916,3240.8278882501863,8307.474305092026,12712.261505319391,17870.19884859082,12575.32511567502,29144.628262644277,57650.220040281485,95353.37265569916,31335.61049695427,70476.59520363784,125502.20110906885,196138.55543395135,0.4013109978150036,0.41353626943005184,0.4593562465902892,0.48615313009077854,0.4792425345957757,0.4546632124352332,0.4298963447899618,0.41459157551781806,0.01602330662782228,0.01392487046632124,0.00945626477541371,0.0081452175936342,0.1034231609613984,0.11787564766839378,0.10129114384433532,0.09111007679776918,0,0,0,0,0.4013109978150036,0.41353626943005184,0.4593562465902892,0.48615313009077854,7.075408187818244,7.075408187818244,pup-rearing,Phase 5,Phase 2,2021-05-06,2021-04-29,2021-04-13,2021.3333333333333,weekday,05:32:49,20:47:49,day,9,2024-08-09T16:55:00Z,35700,2.5961772623415653,0.480988768919388,0,13.2,17.6,8.8,14,21,33,1.2079549465215875,1.0010409616957228,1.9113444645931983,1.71444794687854,1.782252295334645,1.8029554522847393,-0.42000800267838895,-0.5407271644495572,-0.631701865592509,-0.6754545061087373,-0.5703489006652895,-0.6232311587930995,-0.7274443715041145,-0.8088527160921118,-0.7895657358307427,-0.5877692725126199,-0.674941150538786,-0.7470864760619915,-0.31912203679886364,-0.4052778543235064,-0.4662347561907942,-0.5076036140033985,1.5611809393184777,1.4405016531113974,1.5604256244588133,1.6381589250233175,-0.8054443682016597,-1.1005136513556708,-1.2292925449383003,-0.35598525325645486,0.2067688785021257,0.28155745934964965,0.1076802816997496,0.344892019787357,2,17,running
COS18,21-3825,2021-05-23,09:10:00,NA,NA,first km of Rawlings (toward PP),Attack,NA,NA,adult,M,running,1,calf,1,low,NA,NA,NA,NA,NA,NA,NA,NA,NA,NA,NA,NA,NA,NA,NA,NA,NA,NA,NA,NA,NA,NA,NA,NA,NA,NA,NA,NA,NA,NA,NA,NA,NA,NA,NA,NA,NA,NA,NA,NA,NA,NA,NA,NA,NA,NA,NA,NA,NA,NA,NA,NA,NA,NA,NA,2,NA,NA,NA,NA,NA,NA,NA,NA,NA,NA,NA,NA,NA,NA,NA,NA,NA,NA,NA,NA,NA,NA,NA,NA,NA,NA,NA,NA,NA,NA,NA,NA,NA,NA,NA,NA,NA,NA,NA,NA,NA,NA,NA,NA,NA,NA,NA,NA,NA,NA,pup-rearing,Phase 5,Phase 2,2021-05-16,2021-05-09,2021-04-23,2021.3333333333333,weekend,NA,NA,NA,9,2024-08-09T16:10:00Z,33000,2.399827721492203,0.3007057995042733,0,14.1,16.2,12.1,10,20,41,NA,NA,NA,NA,NA,NA,NA,NA,NA,NA,NA,NA,NA,NA,NA,NA,NA,NA,NA,NA,NA,NA,NA,NA,NA,NA,NA,NA,NA,-0.35598525325645486,0.35543281675176475,0.07428637441844926,0.6967749577787361,0.02195330606973447,2,18,running
COS19,21-9345,2021-06-28,NA,-123.1321,49.29695,"Seawall, between yacht club and rowing club",Attack,google_earth_estimate,300,adult,M,standing,2,calf,1,NA,22.82273160739568,8558.524353,91.29092643,0,456.4546321479136,1734.5276021620716,0,1529.1230176955105,0,0,8216.183378662445,5728.505633456315,0,296.6955108961438,15268.40744534771,182.5818528591654,0,1141.1365803697838,7828.196941336718,22.82273160739568,3537.523399,0,0,15884.621198747393,9676.838201535767,0,1460.6548228733236,22183.69512,1049.8456539402011,0,4359.141737012575,19193.91728181977,205.4045844665611,7645.615088477552,0,0,21362.076784522353,14538.080033911046,296.6955108961438,1483.477554480719,32727.797125005403,1049.8456539402011,387.9864373257265,8102.069720625465,38661.707342928275,410.8091689331222,13921.866280511364,0,0,33252.71995,17322.45329001332,296.6955108961438,94.91261269136048,101.73727395189024,1001.6356923810188,2,2190.9822343099854,8992.156253313897,23758.463603298904,47174.58623248686,1529.1230176955105,3537.523399,7645.615088477552,14309.85271783709,13944.68901211876,25561.459400283162,35900.1568184334,50575.17324001332,8672.638011037396,15747.68480910302,24694.195596813523,35261.12033342633,13944.68901211876,25561.459400283162,36196.852329329544,50871.86875090946,26337.432275161653,53838.82386170007,92295.12661791952,147617.42803465977,0.5294627382969956,0.47477744807250705,0.3889713155392456,0.3426097711724021,0.08318890814486347,0.16701992369693552,0.2574183976327748,0.31957328386327477,0.05805892547610263,0.06570580754303082,0.08283877349373635,0.09693877551150136,0.32928942808203826,0.2924968206875267,0.26755687436284453,0.23886827458575696,0,0,0.00321463897139872,0.00200989486706462,0.5294627382969956,0.47477744807250705,0.3921859545106443,0.3446196660394667,0,0,pup-rearing,Phase 7,Phase 3,2021-06-21,2021-06-14,2021-05-29,2021.4166666666667,weekday,05:10:40,21:23:24,NA,NA,NA,NA,NA,NA,0,26.3,32.5,20,12,30,67,-0.06292980536722446,-1.051095171889951,2.6741166109270917,2.0537923974043903,1.4046156593653665,1.0377392522905873,-2.003394757867254,-1.7628165650747074,-1.3961755002861025,-1.1101782241175866,-0.2934483715422409,-0.2152058451643357,-0.04108067785991719,0.1735870854158511,1.064495804851596,1.0584671449808956,1.0076248589536532,0.8211644173634266,-0.31912203679886364,-0.4052778543235064,-0.4330674698266856,-0.4859329480416785,2.2562791543010667,1.768804444092965,1.1952097512232422,0.8417623439941595,0.12148845818013376,-1.1600313177390964,-1.2676166626803549,-0.35598525325645486,2.370655090802427,2.487514006117422,2.107031909604189,NA,0,19,not moving
COS20,21-9334,2021-06-29,09:00:00,-123.1402,49.30485,beaver lake,Attack,google_earth_estimate,250,adult,M,running,2,ankle,1,NA,0,935.7319959032228,0,0,9608.370007,7622.792356870157,1163.9593119771796,0,91.29092643,0,0,0,11867.820435845751,0,1871.4639918064456,0,0,28756.641825318555,12872.020626571162,2533.3232084209203,0,91.29092643,0,0,0,24329.031893483792,0,3332.118814679769,0,0,60297.65690673938,19034.158160567997,6504.478508107768,22.82273160739568,91.29092643,0,0,0,36174.02959772215,0,6915.287677040889,0,0,99803.80532,37109.76159362537,10270.229223328057,22.82273160739568,91.29092643,0,0,0,41948.18069439325,263.4651584740718,615.5566805526466,715.8864971838168,2,18486.412602277334,44253.27658674064,85927.58450184515,147275.08706338343,0,0,22.82273160739568,22.82273160739568,0,0,0,0,935.7319959032228,1871.4639918064456,3332.118814679769,6915.287677040889,11867.820435845751,24329.031893483792,36174.02959772215,41948.18069439325,31289.965034026307,70453.77247203088,125456.55564585445,196161.37816642495,0,0,0,0,0.5908096280125038,0.6281179138322018,0.6849190467527754,0.7507853403152277,0,0,1.8191740949608824e-4,1.1634671320484242e-4,0.02990517870140347,0.02656300615484273,0.02655994178642887,0.03525305410106724,0.3792851932860927,0.3453190800129555,0.28833909405129976,0.21384525887050032,0.3792851932860927,0.3453190800129555,0.28833909405129976,0.21384525887050032,3.924549561343188,411.49684501384104,pup-rearing,Phase 7,Phase 3,2021-06-22,2021-06-15,2021-05-30,2021.4166666666667,weekday,05:11:12,21:23:18,day,9,2024-08-09T16:00:00Z,32400,2.356194490192345,0.25881904510252096,0,26.2,32.6,19.8,10,28,67,1.646108644281013,1.7275859300311436,-0.4772992635328478,-0.5770043280939569,-0.6823341592294724,-0.7886813439174926,0.0260271961758275,0.19621737889661445,0.49863470851582525,0.8626851600461043,-0.675898960474302,-0.7329568601809217,-0.8141895022633351,-0.8976866641742269,-1.3930505553855757,-1.44861674729546,-1.4312015058087315,-1.3399322677647112,3.3163238807149265,3.0336803819768545,2.508726160868566,1.7980737865504828,1.441712429924703,1.0748017404871637,0.6305773720687502,0.10590604701465736,-0.40284365137125,-1.1270183769593125,0.9612658441898572,-0.35598525325645486,2.354136875441356,2.502319083612508,2.0713292019630383,-0.05307793305502883,2,20,running
COS21,21-9872,2021-07-03,01:00:00,-123.14251,49.313481,Prospect Point lookout,Attack,google_earth_estimate,30,adult,F,standing,5,calf,1,moderate,730.3274114366616,5294.8737329157975,0,479.2773637553093,4473.255395049553,13282.829795504284,821.6183378662444,251.05004768135245,0,0,3560.346130753726,2442.0322819913376,0,890.0865326884315,13899.043548903968,0,479.2773637553093,8330.297036699423,20631.74937308569,1437.8320912659276,273.8727792887481,0,0,19011.33543,5523.101048989754,0,890.0865326884315,21544.65863738152,0,479.2773637553093,15975.912125176972,32613.68346696842,1506.3002860881145,319.5182425035395,0,0,35283.943065033716,7645.615088477552,0,890.0865326884315,28733.81909371116,0,479.2773637553093,25310.409352601808,48566.77286,1506.3002860881145,387.9864373257265,0,0,50963.15967931455,10589.747465831597,0,45.30908344499079,69.06797705605402,428.2626466872133,2,18577.70352842008,30399.878501051044,50095.89587823351,75383.48249868992,730.3274114366618,753.1501430440574,798.7956062588488,867.2638010810358,6002.3784127450635,24534.43647898975,42929.558153511265,61552.90714514615,6025.201144352459,14789.1300815924,22434.74517006995,29623.90562639959,6002.3784127450635,24534.43647898975,42929.558153511265,61552.90714514615,31335.61049695426,70476.59520467726,116258.99480807356,167427.5590713167,0.191551347414421,0.348121761667645,0.36925795053003535,0.3676390403501454,0.5928623452294246,0.43134715025270576,0.43089909697683554,0.4502453653199346,0.02330662782228697,0.01068652849725172,0.00687082842559874,0.00517993456926419,0.19227967953386743,0.20984455958239745,0.19297212406753045,0.17693565976065578,0,0,0,0,0.191551347414421,0.348121761667645,0.36925795053003535,0.3676390403501454,55.15384399336834,55.15384399336834,pup-rearing,Phase 7,Phase 3,2021-06-26,2021-06-19,2021-06-03,2021.5,weekend,05:13:43,21:22:15,night,1,2024-08-09T08:00:00Z,3600,0.2617993877991494,-0.9659258262890684,0,19.8,22.8,16.7,6,18,57,-0.5658847641702972,-1.2277672802831727,0.6628337682224157,1.3519785972493965,1.2988474397401475,1.171167941664607,0.03423377487211772,-0.6397884447685577,-0.6272573692285901,-0.5123327766607527,-0.522371600752102,-0.6487487637682537,-0.7516265597903251,-0.841661538423251,-0.06017194089036377,0.27926517383998334,0.2528465574839688,0.1638345366146157,-0.31912203679886364,-0.4052778543235064,-0.4662347561907942,-0.5076036140033985,0.4234393993250713,1.0898264057510278,1.070546440463808,0.9712903755543044,-0.9306156375148972,-0.6960823837097488,-0.9688745470285748,-0.35598525325645486,1.296971092332812,1.0514214890941072,1.5179372335252024,-2.2469486834793075,0,21,not moving
COS23,21-10655,2021-07-08,02:30:00,NA,NA,Prospect Point,Attack,NA,NA,adult,F,walking,NA,calf,1,NA,NA,NA,NA,NA,NA,NA,NA,NA,NA,NA,NA,NA,NA,NA,NA,NA,NA,NA,NA,NA,NA,NA,NA,NA,NA,NA,NA,NA,NA,NA,NA,NA,NA,NA,NA,NA,NA,NA,NA,NA,NA,NA,NA,NA,NA,NA,NA,NA,NA,NA,NA,NA,NA,NA,NA,2,NA,NA,NA,NA,NA,NA,NA,NA,NA,NA,NA,NA,NA,NA,NA,NA,NA,NA,NA,NA,NA,NA,NA,NA,NA,NA,NA,NA,NA,NA,NA,NA,NA,NA,NA,NA,NA,NA,NA,NA,NA,NA,NA,NA,NA,NA,NA,NA,NA,NA,pup-rearing,Phase 7,Phase 3,2021-07-01,2021-06-24,2021-06-08,2021.5,weekday,NA,NA,NA,2,2024-08-09T09:30:00Z,9000,0.6544984694978736,-0.9914448613738104,0,18.6,23,14.2,10,17,56,NA,NA,NA,NA,NA,NA,NA,NA,NA,NA,NA,NA,NA,NA,NA,NA,NA,NA,NA,NA,NA,NA,NA,NA,NA,NA,NA,NA,NA,-0.35598525325645486,1.09875250799996,1.0810316440842784,1.0716533880108183,-2.29266062394888,1,22,walking
COS24,21-11047,2021-07-12,06:10:00,NA,NA,unknown bike trail,Attack,NA,NA,adult,M,running,1,NA,1,low,NA,NA,NA,NA,NA,NA,NA,NA,NA,NA,NA,NA,NA,NA,NA,NA,NA,NA,NA,NA,NA,NA,NA,NA,NA,NA,NA,NA,NA,NA,NA,NA,NA,NA,NA,NA,NA,NA,NA,NA,NA,NA,NA,NA,NA,NA,NA,NA,NA,NA,NA,NA,NA,NA,NA,2,NA,NA,NA,NA,NA,NA,NA,NA,NA,NA,NA,NA,NA,NA,NA,NA,NA,NA,NA,NA,NA,NA,NA,NA,NA,NA,NA,NA,NA,NA,NA,NA,NA,NA,NA,NA,NA,NA,NA,NA,NA,NA,NA,NA,NA,NA,NA,NA,NA,NA,pup-rearing,Phase 7,Phase 3,2021-07-05,2021-06-28,2021-06-12,2021.5,weekday,NA,NA,NA,6,2024-08-09T13:10:00Z,22200,1.6144295580947547,-0.4617486132350338,0,19.1,24.4,13.8,12,16,48,NA,NA,NA,NA,NA,NA,NA,NA,NA,NA,NA,NA,NA,NA,NA,NA,NA,NA,NA,NA,NA,NA,NA,NA,NA,NA,NA,NA,NA,-0.35598525325645486,1.181343584805315,1.2883027290154785,1.0002479727285172,-1.343822108641811,2,23,running
COS25,21-11277,2021-07-12,21:30:00,-123.1295,49.30087,Vancouver aquarium,Attack,google_earth_estimate,200,child,F,walking,>3,NA,1,NA,3081.068766998417,7919.487868,0,0,11160.315756016487,5956.732949530272,0,3195.1824250353948,0,0,0,0,0,11730.884046201378,12369.920531208458,0,0,20403.522057011734,18007.13523823519,45.64546321479136,7919.487868,0,0,0,0,0,15199.939250525524,22731.440680966098,22.82273160739568,0,32704.974393398003,40921.15777206045,661.8592166144748,13305.65252711168,0,0,0,0,0,15291.230176955103,37931.37993149162,136.93638964437406,342.3409741109352,42724.153569044705,73740.24582349544,1027.0229223328056,19376.499134678932,0,0,205.4045844665611,5112.291880056632,228.2273160739568,7.324208643975013,244.6043662836287,816.0300324162743,2,17117.04870554676,38456.30275846172,74287.99138207293,117491.42231487297,3195.1824250353948,7919.487868,13305.65252711168,19718.840108789867,0,0,0,5317.696464523193,11000.556634998416,24100.804577409835,37954.20266309902,53359.5464980911,0,0,0,5545.92378059715,31312.78776558057,70476.59520387156,125547.84657228364,196115.73270235103,0,0,0,0.02711509368090306,0.5466472303166199,0.5456606217598486,0.5917105980730775,0.5990922844175491,0.10204081632576904,0.11237046632418687,0.1059807307762225,0.10054695682532294,0.35131195335761106,0.34196891191596446,0.3023086711506999,0.27208192715000584,0,0,0,0.00116373792621901,0,0,0,0.02827883160712207,203.7679357854831,203.7679357854831,pup-rearing,Phase 7,Phase 3,2021-07-05,2021-06-28,2021-06-12,2021.5,weekday,05:21:32,21:17:00,night,21,2024-08-10T04:30:00Z,77400,5.6286868376817125,-0.3826834323650897,0,19.1,24.4,13.8,12,16,48,-0.9510323823124676,-0.2784850204460654,-0.4772992635328478,-0.5770043280939569,-0.6823341592294724,-0.6441333195063834,-0.15053009535982434,-0.15411300109551995,0.08550710164918257,0.16866542860621658,-0.00372719740986536,0.1525040324370215,0.17537143799146485,0.2135091362591626,1.2452714366564797,1.5248639559844055,1.359304016538834,1.1736818484608385,-0.31912203679886364,-0.4052778543235064,-0.4662347561907942,-0.4950562035495829,-0.6155398542105744,-0.7763908763193281,-0.9371694809155408,-0.9382602158330622,-0.21908645460948667,0.554045340424614,-0.16390276295886508,-0.35598525325645486,1.181343584805315,1.2883027290154785,1.0002479727285172,-1.2021936015630372,1,24,walking
COS28,21-12530,2021-07-22,NA,-123.1471,49.29494,golf course,Attack,google_earth_estimate,300,adult,M,sitting,1,upper leg,1,NA,114.1136580369784,4998.178222019654,0,0,639.036485,9654.015469928372,1597.5912125176974,10293.05195493545,2761.550524494877,0,0,0,1346.541164836345,114.1136580369784,14195.739059800111,0,410.8091689331222,3377.764278,21179.49493166319,2738.7277928874814,22594.50429132172,3902.687105,0,0,0,2008.4003814508196,114.1136580369784,22982.490728647448,22.82273160739568,1141.1365803697838,13168.716137467309,38136.78451595818,4587.3690530865315,37201.05252005495,5021.000953627049,0,0,0,3149.5369618206037,228.2273160739568,34759.02023806362,68.46819482218703,4792.773637553092,27912.200755844915,58061.029209214605,5180.760074878819,48384.19100767883,5386.164659,0,0,775.9728747,10566.92473,104.04076678991872,228.1387400742171,1702.37809703244,2,14652.193691940944,31198.674107550672,60913.87066013907,96540.15469893836,10293.05195493545,23005.31346025484,38342.18910042474,53176.96464523193,0,0,0,775.9728747,5112.291880056632,14309.85271783709,23119.427118291824,35055.71574895976,1346.541164836345,2008.4003814508196,3149.5369618206037,11342.8976047,31404.078691769373,70522.24066709341,125525.02384067622,196115.73269783004,0,0,0,0.0039567089494834,0.4665697674417402,0.4423948220083764,0.48527272727272736,0.49226114280023053,0.3277616279070506,0.32621359223189594,0.3054545454545455,0.2711509368152814,0.1627906976744553,0.20291262135853053,0.1841818181818182,0.17875014547136145,0.04287790697675385,0.02847896440119727,0.02509090909090909,0.05388106596364321,0.04287790697675385,0.02847896440119727,0.02509090909090909,0.05783777491312662,56.0888767169367,243.9472442356736,pup-rearing,Phase 7,Phase 3,2021-07-15,2021-07-08,2021-06-22,2021.5,weekday,05:32:57,21:07:23,NA,NA,NA,NA,NA,NA,0,18,23.1,12.8,6,16,33,0.0296251083322775,-0.36752938854822054,-0.4772992635328478,-0.5770043280939569,-0.6823341592294724,-0.7675884991518339,-0.4706725852580392,-0.5928509945210236,-0.3862572444653703,-0.3201039469984232,1.4831597302343025,1.8375528832638977,2.041096480909313,2.101125131924507,-0.30223724721701634,0.21391451245887663,0.16389094498212334,0.18309281723471915,0.09186240084723288,-0.12166199045311808,-0.2073573598927272,0.07334148978942073,-0.3829690245859917,-0.6237203414858247,-0.8007461010224584,-0.771934594217511,1.4073074542036332,-0.6882169766234493,0.05372942262875437,-0.35598525325645486,0.999643215833534,1.0958367215793643,0.8217344345227637,NA,0,25,not moving
COS29,21-13639,2021-07-30,23:20:00,-123.117932,49.298218,9 oclock gun,Attack,google_earth_estimate,100,adult,M,sitting,2,back,1,moderate,0,3720.105252005495,0,0,4541.72359,5979.555681137668,0,1939.9321866286327,0,0,6983.755871863077,7554.324162047969,0,0,5660.037438634128,0,0,6184.960265604229,16181.316709643535,0,3834.2189100424735,0,0,19330.853671464138,10338.697418150245,0,0,10589.747465831597,0,0,9790.951859572746,24899.600183668685,0,4815.596369160488,0,0,33184.25175715332,14013.157206940949,0,0,17139.871437154154,0,136.93638964437406,12027.579557097522,27957.846219059706,0,7097.869529900055,228.2273160739568,0,50871.86875288496,21019.73581041142,0,23.167862817314575,237.5927897142365,97.40773924647895,2,10521.279271137668,22366.276975247765,34690.552043241434,40213.65309223119,1939.9321866286327,3834.2189100424735,4815.596369160488,7234.805919544428,14538.080033911046,29669.551089614382,47197.40896409427,71891.60456329638,3720.105252005495,5660.037438634128,10589.747465831597,17139.871437154154,14538.080033911046,29669.551089614382,47197.40896409427,71891.60456329638,30719.39674368284,61530.084413538745,97293.30484232778,136479.93501222614,0.4732540861793019,0.48219584569732943,0.4851043865822192,0.5267558528428093,0.34249628529249265,0.3635014836795252,0.3565564156697162,0.29464882943143816,0.06315007429394139,0.06231454005934717,0.04949566033309876,0.05301003344481605,0.12109955423426404,0.09198813056379822,0.108843537414966,0.12558528428093646,0,0,0,0,0.4732540861793019,0.48219584569732943,0.4851043865822192,0.5267558528428093,22.699048787101564,22.699048787101564,pup-rearing,Phase 7,Phase 3,2021-07-23,2021-07-16,2021-06-30,2021.5,weekday,05:43:15,20:56:55,night,23,2024-08-10T06:20:00Z,84000,6.1086523819801535,-0.7660444431189781,0.1,21.6,27.5,15.8,2,7,25,-0.7903856591234047,-0.31640288625213747,2.3395570172993088,2.0948985962330404,1.9203989245039912,2.019404763822673,-0.9667072007361276,-0.928039459979512,-0.9567662758943593,-1.2242115466629313,-0.2599115320682716,-0.24192847817847304,-0.3529465803241846,-0.31245430822228626,-0.644466065291222,-0.8318231445559721,-0.5985128891488791,-0.3811793673810876,-0.31912203679886364,-0.4052778543235064,-0.4662347561907942,-0.5076036140033985,1.9514020327993384,1.8085731209673817,1.7004224763437867,1.86662693996902,-1.5377139408158291,-0.9690890601237944,-1.1446667218066588,-0.3360396329226911,1.59429896883209,1.747260131363136,1.3572750491400245,-1.8889035670356216,0,26,not moving
COS30,21-14422,2021-08-05,22:45:00,NA,NA,field,Attack,NA,NA,adult,M,resting,2,calf,1,high,NA,NA,NA,NA,NA,NA,NA,NA,NA,NA,NA,NA,NA,NA,NA,NA,NA,NA,NA,NA,NA,NA,NA,NA,NA,NA,NA,NA,NA,NA,NA,NA,NA,NA,NA,NA,NA,NA,NA,NA,NA,NA,NA,NA,NA,NA,NA,NA,NA,NA,NA,NA,NA,NA,NA,2,NA,NA,NA,NA,NA,NA,NA,NA,NA,NA,NA,NA,NA,NA,NA,NA,NA,NA,NA,NA,NA,NA,NA,NA,NA,NA,NA,NA,NA,NA,NA,NA,NA,NA,NA,NA,NA,NA,NA,NA,NA,NA,NA,NA,NA,NA,NA,NA,NA,NA,pup-rearing,Phase 7,Phase 3,2021-07-29,2021-07-22,2021-07-06,2021.5833333333333,weekday,NA,NA,NA,22,2024-08-10T05:45:00Z,81900,5.955936072430649,-0.6593458151000688,0,22.9,29.9,15.9,7,10,27,NA,NA,NA,NA,NA,NA,NA,NA,NA,NA,NA,NA,NA,NA,NA,NA,NA,NA,NA,NA,NA,NA,NA,NA,NA,NA,NA,NA,NA,-0.35598525325645486,1.8090357685260128,2.102581991245193,1.3751264029605996,-1.6977755985999476,0,27,not moving
COS31,21-14940,2021-08-10,21:30:00,-123.14251,49.313481,Prospect Point,Attack,google_earth_estimate,30,child,M,running,1,hamstring,1,high,730.3274114366616,5294.8737329157975,0,479.2773637553093,4473.255395049553,13282.829795504284,821.6183378662444,251.05004768135245,0,0,3560.346130753726,2442.0322819913376,0,890.0865326884315,13899.043548903968,0,479.2773637553093,8330.297036699423,20631.74937308569,1437.8320912659276,273.8727792887481,0,0,19011.33543,5523.101048989754,0,890.0865326884315,21544.65863738152,0,479.2773637553093,15975.912125176972,32613.68346696842,1506.3002860881145,319.5182425035395,0,0,35283.943065033716,7645.615088477552,0,890.0865326884315,28733.81909371116,0,479.2773637553093,25310.409352601808,48566.77286,1506.3002860881145,387.9864373257265,0,0,50963.15967931455,10589.747465831597,0,45.30908344499079,69.06797705605402,428.2626466872133,2,18577.70352842008,30399.878501051044,50095.89587823351,75383.48249868992,730.3274114366618,753.1501430440574,798.7956062588488,867.2638010810358,6002.3784127450635,24534.43647898975,42929.558153511265,61552.90714514615,6025.201144352459,14789.1300815924,22434.74517006995,29623.90562639959,6002.3784127450635,24534.43647898975,42929.558153511265,61552.90714514615,31335.61049695426,70476.59520467726,116258.99480807356,167427.5590713167,0.191551347414421,0.348121761667645,0.36925795053003535,0.3676390403501454,0.5928623452294246,0.43134715025270576,0.43089909697683554,0.4502453653199346,0.02330662782228697,0.01068652849725172,0.00687082842559874,0.00517993456926419,0.19227967953386743,0.20984455958239745,0.19297212406753045,0.17693565976065578,0,0,0,0,0.191551347414421,0.348121761667645,0.36925795053003535,0.3676390403501454,55.15384399336834,55.15384399336834,pup-rearing,Phase 7,Phase 3,2021-08-03,2021-07-27,2021-07-11,2021.5833333333333,weekday,05:58:45,20:39:42,night,21,2024-08-10T04:30:00Z,77400,5.6286868376817125,-0.3826834323650897,0,19.7,24.4,15.1,2,10,21,-0.5658847641702972,-1.2277672802831727,0.6628337682224157,1.3519785972493965,1.2988474397401475,1.171167941664607,0.03423377487211772,-0.6397884447685577,-0.6272573692285901,-0.5123327766607527,-0.522371600752102,-0.6487487637682537,-0.7516265597903251,-0.841661538423251,-0.06017194089036377,0.27926517383998334,0.2528465574839688,0.1638345366146157,-0.31912203679886364,-0.4052778543235064,-0.4662347561907942,-0.5076036140033985,0.4234393993250713,1.0898264057510278,1.070546440463808,0.9712903755543044,-0.9306156375148972,-0.6960823837097488,-0.9688745470285748,-0.35598525325645486,1.2804528769717407,1.2883027290154785,1.2323155723959969,-1.2021936015630372,2,28,running
COS32,21-15088,2021-08-11,19:30:00,-123.1454,49.31132,Bridal Trail near PP,Attack,google_earth_estimate,150,adult,F,running,1,calf,1,moderate,0,3583.1688623611212,0,0,19490.61279271591,8193.360647055048,91.29092643,0,0,0,0,0,0,0,8946.510790099106,0,0,38205.25271078036,23210.718044721405,273.8727792887481,0,0,0,0,0,0,0,19650.37191396768,22.82273160739568,22.82273160739568,64063.40762195967,40670.10772,684.6819482218704,205.4045844665611,0,0,0,0,0,775.9728747,33024.492635901544,45.64546321479136,228.2273160739568,89967.20799635377,62009.361777294056,1460.6548228733236,5408.987390952776,0,0,0,3286.4733514649774,0,196.81132517136083,233.15236506877565,123.85545235178418,2,27775.26436620096,61689.84353479052,105418.19729018152,153437.22459652115,0,0,228.2273160739568,5637.214707026733,0,0,0,3286.4733514649774,3583.1688623611212,8946.510790099106,19673.194645575077,33846.110973816336,0,0,0,3286.4733514649774,31358.43322856208,70636.35432488963,125319.61925183056,196207.0236288292,0,0,0,0.01675002907990745,0.8857350800582257,0.8733441033925685,0.841194682201699,0.7820169826681792,0,0,0.00182116190135666,0.02873095265789681,0.1142649199417743,0.12665589660743132,0.15698415589694434,0.17250203559401653,0,0,0,0,0,0,0,0.01675002907990745,220.25394379067671,220.25394379067671,pup-rearing,Phase 7,Phase 3,2021-08-04,2021-07-28,2021-07-12,2021.5833333333333,weekday,06:00:12,20:37:59,day,19,2024-08-10T02:30:00Z,70200,5.105088062083413,0.1305261922200519,0,21.5,26.6,16.5,3,11,20,0.9702721364324228,-0.3404162339154222,-0.4772992635328478,-0.5770043280939569,-0.6823341592294724,-0.699388507948629,1.2051126112544936,1.2380922939414047,1.191294871828254,1.0055748652468666,-0.675898960474302,-0.7329568601809217,-0.7988572667773821,-0.5810856804571977,-0.7005693194330439,-0.5049937115185437,-0.11134233342992364,0.11677768857142852,-0.31912203679886364,-0.4052778543235064,-0.4662347561907942,-0.5076036140033985,-0.6155398542105744,-0.7763908763193281,-0.9371694809155408,-1.0031317921600953,-1.489184022137513,0.6927240849438273,-0.074605906139313,-0.35598525325645486,1.5777807534710189,1.6140144339073643,1.4822345258840517,-0.28288737663941677,2,29,running
COS43,21-15935,2021-08-17,23:30:00,-123.150182,49.296388,trail just N of 2nd beach,Attack,google_earth_estimate,100,adult,M,walking,1,NA,1,NA,593.3910217922876,6504.478508107768,0,0,9813.774591,12849.197894963769,68.46819482218703,1551.9457493029058,0,0,0,0,0,730.3274114366616,15131.471055703334,68.46819482218703,456.4546321479136,23667.17267686932,22799.90887578828,1506.3002860881145,4724.305442730905,616.2137533996834,0,0,0,958.5547275106184,730.3274114366616,23393.29989758057,68.46819482218703,2008.4003814508196,39620.26207,36082.738671292565,3491.8779359315386,12210.161409956689,1460.6548228733236,0,0,2670.259598065294,3697.28252,730.3274114366616,32727.797125005403,68.46819482218703,4769.950905945697,51693.48709075121,56988.36082366701,3857.041641649869,20198.117472545175,3697.28252,0,4815.596369160488,12598.147847282416,4039.623494509035,39.68297445641881,101.65288023441246,1573.1497402280204,2,22731.440680785956,48589.5955921454,80655.53350009743,116236.17207606808,1551.9457493029058,5180.760074878819,14218.561791407508,24968.068378490872,0,0,2670.259598065294,17413.744216442905,7097.869529900056,15930.266661962183,24192.09550383942,33526.59273126425,0,958.5547275106184,6367.542118065294,21453.36771095194,31381.255959988914,70659.17705649702,125433.73291340964,196184.20089677512,0,0,0.02128820960712895,0.0887622149838935,0.7243636363620543,0.6876614987080103,0.643013100437473,0.5924848766860041,0.04945454545482933,0.0733204134366925,0.11335516739522512,0.12726849697559564,0.22618181818311656,0.22545219638242897,0.19286754003039908,0.17089343880909508,0,0.01356589147286821,0.02947598252977399,0.02059097254541172,0,0.01356589147286821,0.05076419213690294,0.10935318752930524,152.8429368658943,152.8429368658943,pup-rearing,Phase 7,Phase 3,2021-08-10,2021-08-03,2021-07-18,2021.5833333333333,weekday,06:08:56,20:27:08,night,23,2024-08-10T06:30:00Z,84600,6.152285613280012,-0.7933533402912353,0,18.1,21.6,14.5,1,3,13,-0.622930693312041,-1.051551564203795,-0.4772992635328478,-0.5770043280939569,-0.5681164177072852,-0.3154982906237359,0.5599641021904251,0.4491959353271613,0.3128950726785667,0.13843549281763393,-0.35012786017462566,-0.15520399635039814,0.2443462610762452,0.5091646456994308,0.21811951102830632,0.42640575047789553,0.2517881941912808,0.0997046369040414,-0.31912203679886364,-0.2701780671596269,-0.16211402533214492,-0.2855919579856624,-0.6155398542105744,-0.7036666059603616,-0.6611562586059775,-0.48206181569951256,1.1701814077405506,0.1256690523270926,-0.43973923808527354,-0.35598525325645486,1.016161431194605,0.8737605591530785,1.1252074494725446,-1.937821665924646,1,31,walking
COS33,21-16868,2021-08-23,21:00:00,-123.142732,49.291973,2050 Nelson St,Attack,google_earth_estimate,50,adult,F,walking,NA,leg,NA,NA,6641.414897752142,11479.833998520024,0,0,1460.6548228733236,7965.133330981092,867.2638010810358,2830.018719317064,0,0,0,0,0,16249.78490446572,25835.332179571906,433.6319005405179,0,3081.068766998417,18737.462649671852,1141.1365803697838,4906.887295590071,0,0,0,0,0,28962.046409785115,44801.022145317715,4313.496273797783,0,6139.314802389437,30696.57401194719,1620.4139441250932,8695.460742417754,0,0,0,0,0,37657.50715220287,61644.19807157571,9380.142690639625,0,7851.019672944112,46307.32243140583,2510.5004768135245,16865.998657865406,68.46819482218703,0,0,0,1392.1866280511365,144.00667961174287,275.35805762783957,1914.2937993883231,2,10293.05195493545,22959.667997040055,38456.30275846172,56737.31077598565,2830.018719317064,4906.887295590071,8695.460742417754,16865.998657865406,0,0,0,0,18121.248896272165,42518.748984578146,78076.5648289006,108681.8479144182,0,0,0,1392.1866280511365,31244.31957052468,70385.30427720827,125228.32832978008,183677.3439763204,0,0,0,0,0.3294375456537619,0.3261997405966278,0.3070894842354657,0.30889662027833004,0.09057706355003652,0.06971465629053178,0.06943685073810826,0.091824055666004,0.5799853907962016,0.6040856031128404,0.6234736650264261,0.591699801192843,0,0,0,0.00757952286282306,0,0,0,0.00757952286282306,229.94268514303872,342.9228985795599,pup-rearing,Phase 7,Phase 3,2021-08-16,2021-08-09,2021-07-24,2021.5833333333333,weekday,06:17:37,20:15:35,night,21,2024-08-10T04:00:00Z,75600,5.497787143782138,-0.25881904510252085,0.2,17.1,21.3,12.9,7,9,18,0.4348594604484406,-0.11217230462668748,-0.4772992635328478,-0.5770043280939569,-0.6823341592294724,-0.7886813439174926,-1.0189148665734935,-1.0865206991782697,-1.1760184498329591,-1.1590256492686464,-0.07924218437349863,-0.18361677281776592,-0.16643198248477997,0.11699621928086364,3.1223761107425214,3.9959620205582818,4.609410340006298,4.565987818797743,-0.31912203679886364,-0.4052778543235064,-0.4662347561907942,-0.4258812757851095,-0.6155398542105744,-0.7763908763193281,-0.9371694809155408,-1.0547334387851284,1.796159668421213,0.7742248634399713,0.5898334225651344,-0.3160940125889274,0.8509792775838951,0.8293453266678212,0.8395857883433391,-0.980316815154604,1,32,walking
COS34,21-17574,2021-08-27,06:20:00,NA,NA,"""beaver pond area""",Attack,NA,NA,adult,M,running,1,ankle,1,moderate,NA,NA,NA,NA,NA,NA,NA,NA,NA,NA,NA,NA,NA,NA,NA,NA,NA,NA,NA,NA,NA,NA,NA,NA,NA,NA,NA,NA,NA,NA,NA,NA,NA,NA,NA,NA,NA,NA,NA,NA,NA,NA,NA,NA,NA,NA,NA,NA,NA,NA,NA,NA,NA,NA,NA,2,NA,NA,NA,NA,NA,NA,NA,NA,NA,NA,NA,NA,NA,NA,NA,NA,NA,NA,NA,NA,NA,NA,NA,NA,NA,NA,NA,NA,NA,NA,NA,NA,NA,NA,NA,NA,NA,NA,NA,NA,NA,NA,NA,NA,NA,NA,NA,NA,NA,NA,pup-rearing,Phase 7,Phase 3,2021-08-20,2021-08-13,2021-07-28,2021.5833333333333,weekday,NA,NA,NA,6,2024-08-09T13:20:00Z,22800,1.658062789394613,-0.4226182617406994,6.1,17,20.8,13.3,2,7,18,NA,NA,NA,NA,NA,NA,NA,NA,NA,NA,NA,NA,NA,NA,NA,NA,NA,NA,NA,NA,NA,NA,NA,NA,NA,NA,NA,NA,NA,0.860697587103134,0.8344610622228239,0.7553199391923926,0.9109912036256406,-1.2737283808765338,2,33,running
COS35,21-17713,2021-08-27,21:15:00,-123.139475,49.312801,100m E of Lions Gate Bridge,Attack,google_earth_estimate,20,adult,M,walking,1,NA,1,moderate,0,4861.241832375279,0,0,593.3910217922876,8216.183378662445,0,0,0,0,12598.147847282416,5021.000953627049,0,0,10954.911171549926,0,0,2807.1959877096683,16957.289584294987,68.46819482218703,136.93638964437406,0,114.1136580369784,30536.81489069542,8741.106205632545,0,0,16614.948610184052,0,0,2921.309645746647,35740.39769718163,639.036485,228.2273160739568,0,319.5182425035395,47083.29530605728,11867.820435845751,0,890.0865326884315,23667.17267686932,0,45.64546321479136,4039.623494509035,56577.551654733885,1095.4911171549925,661.8592166144748,0,319.5182425035395,62990.73923641207,14971.711934451563,0,230.77565830777297,233.1696546678708,532.1851370429636,2,8809.574400454732,19832.95376682684,39300.74382792827,61712.66626639791,0,251.05004768135245,547.7455585774964,1027.0229223328056,17619.148800909465,39277.92109632796,58951.115741903035,77962.45117086363,4861.241832375279,10954.911171549926,16614.948610184052,24557.25920955775,17619.148800909465,39277.92109632796,58951.115741903035,77962.45117086363,31289.96503373948,70316.83608238609,115414.55373859286,165259.3995691521,0.563092633114515,0.5585848750405712,0.5107771405972233,0.47175804446899594,0.2815463165572575,0.282051282051282,0.34051809373142083,0.3734290843806104,0,0.0035702693930542,0.00474589677674539,0.00621461124154122,0.15536105032822756,0.15579357351509251,0.14395886889461038,0.14859825990885236,0,0,0,0,0.563092633114515,0.5585848750405712,0.5107771405972233,0.47175804446899594,3.530997042474524,3.530997042474524,pup-rearing,Phase 7,Phase 3,2021-08-20,2021-08-13,2021-07-28,2021.5833333333333,weekday,06:23:22,20:07:38,night,21,2024-08-10T04:15:00Z,76500,5.563236990731925,-0.32143946530316114,6.1,17,20.8,13.3,2,7,18,1.314653474472966,-0.3403227335889488,2.8742851529575213,2.518179038629931,2.058141084899973,1.7262165992922114,-1.210379690467788,-1.2740910870669075,-1.0278528957703528,-0.8637794157454136,-0.675898960474302,-0.7048237214028027,-0.7715015403643303,-0.8302135508848191,-0.3632247668722465,-0.23029904524633849,-0.24315485490181551,-0.1369281506693033,-0.31912203679886364,-0.4052778543235064,-0.4662347561907942,-0.5076036140033985,2.4386885368797975,2.2180807772484017,1.840009442332179,1.5571590212220978,-0.7399242916986501,-1.1303289036314994,-1.2484909327139022,0.860697587103134,0.8344610622228239,0.7553199391923926,0.9109912036256406,-1.0924880203308842,1,34,walking
COS36,21-17809,2021-08-29,00:00:00,-123.1443459,49.29153252,trail from Comox St to tennis courts,Attack,COS,0,adult,M,walking,1,calf,1,NA,4610.191784693927,10156.115565291077,2693.08233,0,1597.5912125176974,9539.901811891394,775.9728747,1985.577649843424,0,0,0,0,0,11822.17497263096,22662.97248614391,8969.333521706501,0,2487.6777452061287,17573.50333769467,1346.541164836345,5796.973828278502,0,0,0,0,0,21088.204005233605,43294.72186,10247.40649172066,0,3651.637057183309,29213.096457466472,1848.6412601990496,16021.557588391766,0,0,0,0,0,30285.76484301407,62488.63914104937,10247.40649172066,1894.2867234138412,5157.937343271423,43522.949175303555,2327.918623954359,34918.779359315384,0,0,0,1917.1094550212367,0,50.58234392234364,178.24166005686257,2041.4761529297025,2,11913.465899109093,21407.722247737143,34713.37477484883,51008.80514252933,1985.577649843424,5796.973828278502,16021.557588391766,36813.06608272922,0,0,0,1917.1094550212367,17459.389679985004,43454.48098048137,74630.33235695426,103021.81047578408,0,0,0,1917.1094550212367,31358.43322893752,70659.177056497,125365.26472019486,192760.79115606387,0,0,0,0.00994553634856736,0.3799126637524531,0.3029715762273902,0.2768978700146829,0.2646223064172389,0.0633187772918175,0.08204134366925066,0.12779901692985365,0.19097797774094244,0.5567685589557294,0.6149870801033592,0.5953031130554634,0.5344541794932514,0,0,0,0,0,0,0,0.00994553634856736,232.7792540347408,232.7792540347408,pup-rearing,Phase 7,Phase 3,2021-08-22,2021-08-15,2021-07-30,2021.5833333333333,weekend,06:26:18,20:03:32,night,0,2024-08-09T07:00:00Z,0,0,-0.8660254037844388,0,17.3,21.3,13.3,6,11,21,-0.5124165423231797,-0.6373675291558581,-0.4772992635328478,-0.5770043280939569,-0.6823341592294724,-0.7356626212897045,-0.8171198869889116,-1.1852085343651733,-1.3098366766906462,-1.3615876402162492,-0.25880023763140025,-0.08648449272297891,0.3794429495130271,1.2140663424551603,2.9317968110504733,4.098735402021555,4.324331670654736,3.958403950565313,-0.31912203679886364,-0.4052778543235064,-0.4662347561907942,-0.5076036140033985,-0.6155398542105744,-0.7763908763193281,-0.9371694809155408,-1.041420085202314,2.0295314253706596,0.7980858134358452,-0.00676226351022402,-0.35598525325645486,0.8840157083060369,0.8293453266678212,0.9109912036256406,-2.067998258776644,1,35,walking
COS37,21-17985,2021-08-30,07:00:00,-123.1486,49.29167,seawall between English Bay and Second Beach,Attack,google_earth_estimate,250,adult,M,walking,1,calf,1,low,45.64546321479136,5842.619291493294,0,775.9728747,91.29092643,5454.632854167567,0,4884.064563982675,0,0,6048.023875959854,8124.892452232862,0,365.1637057183308,10566.92473,0,912.9092642958273,1232.4275067993667,11388.543072090442,159.75912125176976,12529.679652460229,0,0,19992.712888078615,13305.65252711168,0,1095.4911171549925,19102.62635539018,1962.754918236028,1369.3638964437407,1962.754918236028,19011.33543,273.8727792887481,19992.712888078615,0,0,41605.83972028232,19125.449086997574,0,1848.6412601990496,27912.200755844915,6390.3648500707895,2556.145940028316,2213.8049659173807,27432.923392089604,707.5046798,29258.74192068126,0,0,61119.27524460562,27432.923392089604,0,42.477382065124985,160.6325510752286,2073.9565864121364,2,5545.923780597566,12780.729700141581,21247.963127524778,30354.233037806986,5660.037438682675,13442.588916756056,21362.076784522356,31814.887860709576,14172.916328192716,33298.365415190296,60731.288807279896,88552.19863669522,5888.264754708086,10932.088435718331,22160.8723907812,36151.20686611475,14172.916328192716,33298.365415190296,60731.288807279896,88552.19863669522,31267.14230218104,70453.77246780627,125502.20111010825,186872.52640132653,0.4532846715321369,0.4726271461248712,0.4839061647532209,0.47386419149982995,0.1773722627734582,0.1814058957024865,0.1693035097359214,0.16243282852942428,0.18102189781148817,0.1908001295870796,0.17021276595603713,0.17024914509040284,0.1883211678829168,0.1551668285855627,0.17657755955482057,0.19345383488034296,0,0,0,0,0.4532846715321369,0.4726271461248712,0.4839061647532209,0.47386419149982995,26.113022259662134,26.113022259662134,pup-rearing,Phase 7,Phase 3,2021-08-23,2021-08-16,2021-07-31,2021.5833333333333,weekday,06:27:46,20:01:30,day,7,2024-08-09T14:00:00Z,25200,1.832595714594046,-0.25881904510252063,0,15.7,18.4,13,7,13,22,-0.5945967988277353,-0.7325957313614524,2.2206970376052366,2.0418773257310425,1.913970098704336,1.7374442718206229,-1.6268581822157844,-1.701695918099803,-1.7867269286361651,-1.829120669859492,0.5165435599457371,0.7705169491061932,0.7761486216324183,0.9847160302002432,-0.0926660547920668,-0.23620766623217024,0.08693782269243087,0.3391523414945618,-0.31912203679886364,-0.4052778543235064,-0.4662347561907942,-0.5076036140033985,1.843087433065579,1.7572770674730025,1.6939075481209254,1.5690101287021834,2.089131013027363,-0.9403710372496424,-1.126174852806659,-0.35598525325645486,0.6197242625289007,0.39999807931033504,0.8574371421639143,-0.9803168151546038,1,36,walking
COS39,21-18385,2021-08-31,21:00:00,-123.117578,49.298097,9 oclock gun,Attack,google_earth_estimate,100,child,NA,walking,2,leg,3,NA,0,3195.1824250353948,0,0,3605.991593968517,3446.2324727167475,0,1437.8320912659276,0,0,9790.951859572746,7440.210504010991,0,0,4998.178222019654,0,0,5272.051001308401,11730.884046201378,0,2898.486914139251,0,0,21453.367710951938,9996.356444039307,0,0,7919.487868,0,0,8079.246989,22023.93600113683,0,4496.078126656948,0,0,33640.70638930123,12552.502384067622,0,0,14560.902765518442,0,0,10909.265708335131,26976.46875994169,0,6344.719386855999,0,0,46695.308868731554,18577.703528420083,0,51.06642988017912,247.13735364971217,123.64877338759666,2,7052.224066685265,17002.935047509778,30103.18299013683,37885.73446827682,1437.8320912659276,2898.486914139251,4496.078126656948,6344.719386855999,17231.16236358374,31449.724154991243,46193.20877336885,65273.01239715164,3195.1824250353948,4998.178222019654,7919.487868,14560.902765518442,17231.16236358374,31449.724154991243,46193.20877336885,65273.01239715164,28916.40094657033,56349.32433865992,88711.95775816264,124064.3690178029,0.5958958168902919,0.5581206966383152,0.520710059170332,0.5261221486387049,0.2438831886345698,0.3017415957877683,0.33933624903421716,0.3053715967623252,0.04972375690607733,0.05143782908059944,0.05068175971173685,0.05114054451802796,0.11049723756906074,0.08869987849331715,0.089271932083714,0.11736571008094186,0,0,0,0,0.5958958168902919,0.5581206966383152,0.520710059170332,0.5261221486387049,6.230429161506584,6.230429161506584,pup-rearing,Phase 7,Phase 3,2021-08-24,2021-08-17,2021-08-01,2021.5833333333333,weekday,06:29:04,19:59:19,night,21,2024-08-10T04:00:00Z,75600,5.497787143782138,-0.25881904510252085,1.7,14.9,18.6,11.3,6,13,20,-0.5075081530073507,-0.26478689220271195,3.0695330270880374,2.515606972442584,2.1114342244867013,2.016026546072726,-1.3609534863604484,-1.1904342640000676,-1.0330911834831074,-1.1751531895797016,-0.3483544880835519,-0.327635181434508,-0.3418527166123835,-0.33313892063362704,-0.7314969788565021,-0.862823052612547,-0.7965724518673656,-0.4684188896254905,-0.31912203679886364,-0.4052778543235064,-0.4662347561907942,-0.5076036140033985,2.616613818288617,2.215592401479808,1.894016346547428,1.8630611411318656,-1.4895632652609017,-1.1076215352337482,-1.2338693940520644,-0.01690970758247106,0.4875785396403329,0.4296082343005069,0.5539641272141335,-0.980316815154604,1,37,walking
